cover,title,author,publisher,isbn,timestamp,activity,details,library
https://img1.od-cdn.com/ImageType-100/1191-1/{B9F1A650-69A7-40C7-BC22-AEFFD340EDA1}Img100.jpg,Fire,Kristin Cashore,Books on Tape,9781101145708,"February 28, 2023 02:09",Returned, 15 days  early,Spokane Public Library
https://img1.od-cdn.com/ImageType-100/1060-1/{B8E993E1-7D88-4AF2-A305-B467ED6A73FC}Img100.jpg,Graceling,Kristin Cashore,Full Cast Audio,"","February 28, 2023 02:09",Returned, 14 days  early,Spokane Public Library
https://img1.od-cdn.com/ImageType-100/1219-1/{02EF0750-A967-493C-AA14-B292C33C1DC3}Img100.jpg,Crush,Tracy Wolff,"Tantor Media, Inc.",9781705219621,"February 28, 2023 00:39",Returned, 3 days  early,Spokane Public Library
https://img1.od-cdn.com/ImageType-100/2390-1/{9BF1365F-E184-437E-8209-93A1F6F8133C}Img100.jpg,Gideon the Ninth,Tamsyn Muir,Tor Publishing Group,9781250313171,"February 27, 2023 01:52",Borrowed, 21 days ,Spokane Public Library
https://img1.od-cdn.com/ImageType-100/1694-1/{4456BD6C-F0C4-4C7B-80E9-6BD545931BE7}IMG100.JPG,Gideon the Ninth,Tamsyn Muir,"Recorded Books, Inc.",9781980004905,"February 26, 2023 02:31",Placed on hold,"",Spokane Public Library
https://img1.od-cdn.com/ImageType-100/2390-1/{9BF1365F-E184-437E-8209-93A1F6F8133C}Img100.jpg,Gideon the Ninth,Tamsyn Muir,Tor Publishing Group,9781250313171,"February 26, 2023 02:31",Placed on hold,"",Spokane Public Library
https://img1.od-cdn.com/ImageType-100/1493-1/{92C63301-D9D7-48B6-8A98-D60D35CDF6F5}Img100.jpg,The House in the Cerulean Sea,TJ Klune,Macmillan Audio,9781250264299,"February 25, 2023 22:48",Returned, 2 days  early,Spokane Public Library
https://img1.od-cdn.com/ImageType-100/0293-1/{F522D10A-522B-4724-895F-6C33DCB2ABF9}IMG100.JPG,Improbable Magic for Cynical Witches,Kate Scelsa,Balzer + Bray,9780063137424,"February 25, 2023 22:48",Borrowed, 21 days ,Spokane Public Library
https://img1.od-cdn.com/ImageType-100/2390-1/{F2755D16-8265-4B7E-8D4E-FB707E22F77E}Img100.jpg,Crooked Kingdom,Leigh Bardugo,Henry Holt and Co. (BYR),9781627797917,"February 24, 2023 16:33",Placed on hold,"",Spokane Public Library
https://img1.od-cdn.com/ImageType-100/2390-1/{F2755D16-8265-4B7E-8D4E-FB707E22F77E}Img100.jpg,Crooked Kingdom,Leigh Bardugo,Henry Holt and Co. (BYR),9781627797917,"February 24, 2023 16:33",Returned, 3 days  early,Spokane Public Library
https://img1.od-cdn.com/ImageType-100/1523-1/{796DFB70-85C3-4747-9FD5-EEAD11FEDD45}Img100.jpg,The Forever Witness,Edward Humes,Penguin Publishing Group,9781524746292,"February 24, 2023 16:30",Returned, 16 days  early,Spokane Public Library
https://img1.od-cdn.com/ImageType-100/1219-1/{D3722B4F-7F0E-4ECC-A0B5-F41616A75132}IMG100.JPG,Charm,Tracy Wolff,"Tantor Media, Inc.",9781705295823,"February 24, 2023 16:29",Borrowed, 21 days ,Spokane Public Library
https://img1.od-cdn.com/ImageType-100/1219-1/{2A8E1816-FC76-4609-922D-A0E0377A73C1}IMG100.JPG,Court,Tracy Wolff,"Tantor Media, Inc.",9781705276464,"February 24, 2023 16:29",Borrowed, 21 days ,Spokane Public Library
https://img1.od-cdn.com/ImageType-100/1219-1/{6DD9C963-FFD8-4D1B-AAE4-79C8813A1CD4}Img100.jpg,Covet,Tracy Wolff,"Tantor Media, Inc.",9781705219645,"February 24, 2023 16:29",Borrowed, 21 days ,Spokane Public Library
https://img1.od-cdn.com/ImageType-100/1219-1/{D3722B4F-7F0E-4ECC-A0B5-F41616A75132}IMG100.JPG,Charm,Tracy Wolff,"Tantor Media, Inc.",9781705295823,"February 24, 2023 16:29",Returned, 6 days  early,Spokane Public Library
https://img1.od-cdn.com/ImageType-100/1219-1/{2A8E1816-FC76-4609-922D-A0E0377A73C1}IMG100.JPG,Court,Tracy Wolff,"Tantor Media, Inc.",9781705276464,"February 24, 2023 16:29",Returned, 6 days  early,Spokane Public Library
https://img1.od-cdn.com/ImageType-100/1219-1/{6DD9C963-FFD8-4D1B-AAE4-79C8813A1CD4}Img100.jpg,Covet,Tracy Wolff,"Tantor Media, Inc.",9781705219645,"February 24, 2023 16:28",Returned, 6 days  early,Spokane Public Library
https://img1.od-cdn.com/ImageType-100/0017-1/{15D1A3AA-B144-47FA-A487-F6EE6B0CD46A}Img100.jpg,The Angel Experiment,James Patterson,"Little, Brown Books for Young Readers","","February 24, 2023 07:10",Borrowed, 21 days ,Spokane Public Library
https://img1.od-cdn.com/ImageType-100/1191-1/{B9F1A650-69A7-40C7-BC22-AEFFD340EDA1}Img100.jpg,Fire,Kristin Cashore,Books on Tape,9781101145708,"February 22, 2023 15:06",Borrowed, 21 days ,Spokane Public Library
https://img1.od-cdn.com/ImageType-100/1060-1/{B8E993E1-7D88-4AF2-A305-B467ED6A73FC}Img100.jpg,Graceling,Kristin Cashore,Full Cast Audio,"","February 21, 2023 15:06",renew,"",Spokane Public Library
https://img1.od-cdn.com/ImageType-100/0293-1/{DF7C3A08-EB63-418C-B8C2-DEBD33097D65}IMG100.JPG,The Cold Millions,Jess Walter,HarperCollins,9780062868107,"February 21, 2023 00:09",Returned,on due date,Spokane Public Library
https://img1.od-cdn.com/ImageType-100/5054-1/{B99BCE6B-B316-420C-A1EB-1056DC9F3907}Img100.jpg,So This Is Ever After,F.T. Lukens,Simon & Schuster Audio,9781797136479,"February 20, 2023 02:45",Borrowed, 21 days ,Spokane Public Library
https://img1.od-cdn.com/ImageType-100/1523-1/{796DFB70-85C3-4747-9FD5-EEAD11FEDD45}Img100.jpg,The Forever Witness,Edward Humes,Penguin Publishing Group,9781524746292,"February 20, 2023 01:27",Borrowed, 21 days ,Spokane Public Library
https://img1.od-cdn.com/ImageType-100/1493-1/{09B7EB5E-E2C1-4910-8B45-985821E8A680}IMG100.JPG,Hell Bent,Leigh Bardugo,Macmillan Audio,9781250859365,"February 20, 2023 01:27",Borrowed, 21 days ,Spokane Public Library
https://img1.od-cdn.com/ImageType-100/0017-1/{CF2E13F8-7C64-46A9-9741-F1EC87A78FAA}Img100.jpg,The Cruel Prince,Holly Black,"Little, Brown Books for Young Readers",9780316310284,"February 18, 2023 14:40",Borrowed, 21 days ,Spokane Public Library
https://img1.od-cdn.com/ImageType-100/2390-1/{E7374729-742E-415E-A904-38610244D538}IMG100.JPG,The Atlas Paradox,Olivie Blake,Tor Publishing Group,9781250855121,"February 17, 2023 15:27",Borrowed, 21 days ,Spokane Public Library
https://img1.od-cdn.com/ImageType-100/0293-1/{6A808141-976F-42BC-B996-452B6EF33244}Img100.jpg,Pumpkin,Julie Murphy,HarperCollins,9780062880475,"February 16, 2023 05:26",Returned, 14 days  early,Spokane Public Library
https://img1.od-cdn.com/ImageType-100/2183-1/{0BBD5835-7B38-43A1-95D6-AE5CA1D9FB82}Img100.jpg,This Poison Heart,Kalynn Bayron,Bloomsbury Publishing,9781547603916,"February 16, 2023 05:26",Returned, 14 days  early,Spokane Public Library
https://img1.od-cdn.com/ImageType-100/0955-1/{B9C64692-B54B-4635-8155-273B49242F02}Img100.jpg,Ever After,Olivia Vieweg,Lerner Publishing Group,9781728405292,"February 16, 2023 01:23",renew,"",Spokane Public Library
https://img1.od-cdn.com/ImageType-100/0293-1/{20095585-112E-48E0-9114-B1A7AED6ABEE}IMG100.JPG,Graceling,Kristin Cashore,HarperCollins,9780547351278,"February 16, 2023 01:23",Returned, 2 days  early,Spokane Public Library
https://img1.od-cdn.com/ImageType-100/0293-1/{20095585-112E-48E0-9114-B1A7AED6ABEE}IMG100.JPG,Graceling,Kristin Cashore,HarperCollins,9780547351278,"February 16, 2023 01:23",Placed on hold,"",Spokane Public Library
https://img1.od-cdn.com/ImageType-100/2390-1/{82359A93-64DF-4AB5-AF49-186A63DE3EFE}Img100.jpg,Ruin and Rising,Leigh Bardugo,Henry Holt and Co. (BYR),9780805097122,"February 16, 2023 01:22",Borrowed, 21 days ,Spokane Public Library
https://img1.od-cdn.com/ImageType-100/2390-1/{62922068-4F45-415E-818B-B5AE3F3A2697}Img100.jpg,Siege and Storm,Leigh Bardugo,Henry Holt and Co. (BYR),9780805097115,"February 16, 2023 01:22",Borrowed, 21 days ,Spokane Public Library
https://img1.od-cdn.com/ImageType-100/2390-1/{CAE032FE-26E1-4DC7-981E-E1DA93A3322F}Img100.jpg,Shadow and Bone,Leigh Bardugo,Henry Holt and Co. (BYR),9780805097108,"February 16, 2023 01:22",Borrowed, 21 days ,Spokane Public Library
https://img1.od-cdn.com/ImageType-100/2390-1/{CAE032FE-26E1-4DC7-981E-E1DA93A3322F}Img100.jpg,Shadow and Bone,Leigh Bardugo,Henry Holt and Co. (BYR),9780805097108,"February 15, 2023 15:25",Placed on hold,"",Spokane Public Library
https://img1.od-cdn.com/ImageType-100/0293-1/{283D4E3C-4210-4F54-BC86-5414FEBC9AF9}Img100.jpg,The Cold Millions,Jess Walter,HarperAudio,9780063033863,"February 14, 2023 04:29",Returned, 2 days  early,Spokane Public Library
https://img1.od-cdn.com/ImageType-100/2183-1/{33A71567-38C1-40F8-98D0-915C069443E4}IMG100.JPG,The Priory of the Orange Tree,Samantha Shannon,Bloomsbury Publishing,9781635570281,"February 14, 2023 04:00",Returned,on due date,Spokane Public Library
https://img1.od-cdn.com/ImageType-100/2183-1/{2BD8B36C-3BF3-4339-8E08-F895883822C5}Img100.jpg,House of Sky and Breath,Sarah J. Maas,Bloomsbury Publishing,9781635574081,"February 13, 2023 23:59",Returned, 12 days  early,Spokane Public Library
https://img1.od-cdn.com/ImageType-100/1493-1/{58D4FF11-0FF3-426B-99C4-0CC86522E12B}IMG100.JPG,The Atlas Paradox,Olivie Blake,Macmillan Audio,9781250870797,"February 12, 2023 15:58",Borrowed, 21 days ,Spokane Public Library
https://img1.od-cdn.com/ImageType-100/0293-1/{8809BC36-EB29-4964-B022-D2A68D9F3445}IMG100.JPG,The Poppy War,R. F. Kuang,HarperAudio,9780062848789,"February 11, 2023 06:04",Placed on hold,"",Spokane Public Library
https://img1.od-cdn.com/ImageType-100/2183-1/{33A71567-38C1-40F8-98D0-915C069443E4}IMG100.JPG,The Priory of the Orange Tree,Samantha Shannon,Bloomsbury Publishing,9781635570281,"February 11, 2023 06:01",Placed on hold,"",Spokane Public Library
https://img1.od-cdn.com/ImageType-100/0293-1/{98029A86-A1E8-44F8-A93F-374C36D16C2C}IMG100.JPG,Truly Devious,Maureen Johnson,HarperCollins,9780062338075,"February 11, 2023 06:01",Returned, 10 hours  early,Spokane Public Library
https://img1.od-cdn.com/ImageType-100/2390-1/{7F2C5367-11CA-49C2-A9CD-0A3B1AF6D1E4}IMG100.JPG,Hell Bent,Leigh Bardugo,Flatiron Books,9781250313119,"February 10, 2023 23:43",Borrowed, 21 days ,Spokane Public Library
https://img1.od-cdn.com/ImageType-100/0293-1/{6A808141-976F-42BC-B996-452B6EF33244}Img100.jpg,Pumpkin,Julie Murphy,HarperCollins,9780062880475,"February 10, 2023 04:20",Borrowed, 21 days ,Spokane Public Library
https://img1.od-cdn.com/ImageType-100/0293-1/{B22167A6-D097-49EA-A49E-E6A71DBBAF1C}IMG100.JPG,Suicide Notes,Michael Thomas Ford,HarperCollins,9780062043078,"February 10, 2023 04:16",Placed on hold,"",Spokane Public Library
https://img1.od-cdn.com/ImageType-100/1493-1/{BE45971A-8670-4DCC-9A0F-73BA386D5660}Img100.jpg,Carry On,Rainbow Rowell,Macmillan Audio,9781427262035,"February 10, 2023 04:15",Placed on hold,"",Spokane Public Library
https://img1.od-cdn.com/ImageType-100/5054-1/{B99BCE6B-B316-420C-A1EB-1056DC9F3907}Img100.jpg,So This Is Ever After,F.T. Lukens,Simon & Schuster Audio,9781797136479,"February 10, 2023 04:12",Placed on hold,"",Spokane Public Library
https://img1.od-cdn.com/ImageType-100/2183-1/{0BBD5835-7B38-43A1-95D6-AE5CA1D9FB82}Img100.jpg,This Poison Heart,Kalynn Bayron,Bloomsbury Publishing,9781547603916,"February 10, 2023 04:05",Borrowed, 21 days ,Spokane Public Library
https://img1.od-cdn.com/ImageType-100/0293-1/{F522D10A-522B-4724-895F-6C33DCB2ABF9}IMG100.JPG,Improbable Magic for Cynical Witches,Kate Scelsa,Balzer + Bray,9780063137424,"February 10, 2023 04:00",Placed on hold,"",Spokane Public Library
https://img1.od-cdn.com/ImageType-100/1219-1/{D3722B4F-7F0E-4ECC-A0B5-F41616A75132}IMG100.JPG,Charm,Tracy Wolff,"Tantor Media, Inc.",9781705295823,"February 10, 2023 03:34",Borrowed, 21 days ,Spokane Public Library
https://img1.od-cdn.com/ImageType-100/2390-1/{BE20DBB5-DCB1-4CFE-8087-058084E2DB5B}IMG100.JPG,Charm,Tracy Wolff,"Entangled Publishing, LLC",9781649371294,"February 10, 2023 03:34",Placed on hold,"",Spokane Public Library
https://img1.od-cdn.com/ImageType-100/1219-1/{2A8E1816-FC76-4609-922D-A0E0377A73C1}IMG100.JPG,Court,Tracy Wolff,"Tantor Media, Inc.",9781705276464,"February 10, 2023 03:34",Borrowed, 21 days ,Spokane Public Library
https://img1.od-cdn.com/ImageType-100/1219-1/{6DD9C963-FFD8-4D1B-AAE4-79C8813A1CD4}Img100.jpg,Covet,Tracy Wolff,"Tantor Media, Inc.",9781705219645,"February 10, 2023 03:34",Borrowed, 21 days ,Spokane Public Library
https://img1.od-cdn.com/ImageType-100/1219-1/{02EF0750-A967-493C-AA14-B292C33C1DC3}Img100.jpg,Crush,Tracy Wolff,"Tantor Media, Inc.",9781705219621,"February 10, 2023 03:09",Borrowed, 21 days ,Spokane Public Library
https://img1.od-cdn.com/ImageType-100/2390-1/{9DEC75E6-F795-437C-9897-A6926B466EBA}Img100.jpg,Six of Crows,Leigh Bardugo,Henry Holt and Co. (BYR),9781627795227,"February 10, 2023 00:07",Returned,on due date,Spokane Public Library
https://img1.od-cdn.com/ImageType-100/1493-1/{92C63301-D9D7-48B6-8A98-D60D35CDF6F5}Img100.jpg,The House in the Cerulean Sea,TJ Klune,Macmillan Audio,9781250264299,"February 07, 2023 03:22",Borrowed, 21 days ,Spokane Public Library
https://img1.od-cdn.com/ImageType-100/2390-1/{F2755D16-8265-4B7E-8D4E-FB707E22F77E}Img100.jpg,Crooked Kingdom,Leigh Bardugo,Henry Holt and Co. (BYR),9781627797917,"February 07, 2023 03:22",Borrowed, 21 days ,Spokane Public Library
https://img1.od-cdn.com/ImageType-100/2183-1/{2BD8B36C-3BF3-4339-8E08-F895883822C5}Img100.jpg,House of Sky and Breath,Sarah J. Maas,Bloomsbury Publishing,9781635574081,"February 05, 2023 22:34",Borrowed, 21 days ,Spokane Public Library
https://img1.od-cdn.com/ImageType-100/0293-1/{FE3EEE7F-2DDD-4E12-998A-38C5A43B948D}Img100.jpg,The Song of Achilles,Madeline Miller,HarperAudio,9780062115577,"February 05, 2023 21:31",Returned, 6 days  early,Spokane Public Library
https://img1.od-cdn.com/ImageType-100/0887-1/{22E6129F-7619-48D4-B55B-492885C66581}Img100.jpg,The Cruel Prince,Holly Black,Hachette Audio,9781478923749,"February 04, 2023 01:43",Placed on hold,"",Spokane Public Library
https://img1.od-cdn.com/ImageType-100/0017-1/{CF2E13F8-7C64-46A9-9741-F1EC87A78FAA}Img100.jpg,The Cruel Prince,Holly Black,"Little, Brown Books for Young Readers",9780316310284,"February 04, 2023 01:43",Placed on hold,"",Spokane Public Library
https://img1.od-cdn.com/ImageType-100/2183-1/{787A3037-7EC3-48B8-887D-C943EC00FD21}Img100.jpg,House of Earth and Blood,Sarah J. Maas,Bloomsbury Publishing,9781635574050,"February 03, 2023 05:04",Returned, 9 days  early,Spokane Public Library
https://img1.od-cdn.com/ImageType-100/1060-1/{B8E993E1-7D88-4AF2-A305-B467ED6A73FC}Img100.jpg,Graceling,Kristin Cashore,Full Cast Audio,"","February 03, 2023 05:04",Borrowed, 21 days ,Spokane Public Library
https://img1.od-cdn.com/ImageType-100/1219-1/{2E788F69-82E8-4A42-B902-A8A896D49D2E}Img100.jpg,Crave,Tracy Wolff,"Tantor Media, Inc.",9781705219607,"January 31, 2023 17:40",Returned, 9 days  early,Spokane Public Library
https://img1.od-cdn.com/ImageType-100/1191-1/{B9F1A650-69A7-40C7-BC22-AEFFD340EDA1}Img100.jpg,Fire,Kristin Cashore,Books on Tape,9781101145708,"January 31, 2023 15:24",Returned, 2 days  early,Spokane Public Library
https://img1.od-cdn.com/ImageType-100/1060-1/{B8E993E1-7D88-4AF2-A305-B467ED6A73FC}Img100.jpg,Graceling,Kristin Cashore,Full Cast Audio,"","January 31, 2023 15:24",Returned, 2 days  early,Spokane Public Library
https://img1.od-cdn.com/ImageType-100/1191-1/{B9F1A650-69A7-40C7-BC22-AEFFD340EDA1}Img100.jpg,Fire,Kristin Cashore,Books on Tape,9781101145708,"January 31, 2023 15:24",Placed on hold,"",Spokane Public Library
https://img1.od-cdn.com/ImageType-100/1060-1/{B8E993E1-7D88-4AF2-A305-B467ED6A73FC}Img100.jpg,Graceling,Kristin Cashore,Full Cast Audio,"","January 31, 2023 15:24",Placed on hold,"",Spokane Public Library
https://img1.od-cdn.com/ImageType-100/4575-1/{8624F4F1-B2EA-4DB7-A44A-9625AC51D8A9}Img100.jpg,Soulless,Gail Carriger,Hachette Audio,9781549140655,"January 31, 2023 00:09",Returned, 3 days  early,Spokane Public Library
https://img1.od-cdn.com/ImageType-100/0293-1/{DF7C3A08-EB63-418C-B8C2-DEBD33097D65}IMG100.JPG,The Cold Millions,Jess Walter,HarperCollins,9780062868107,"January 31, 2023 00:09",Borrowed, 21 days ,Spokane Public Library
https://img1.od-cdn.com/ImageType-100/1191-1/{03DE1F0C-9715-42D0-8245-E9C7330BC786}IMG100.JPG,The Forever Witness,Edward Humes,Books on Tape,9780593627051,"January 29, 2023 23:20",Placed on hold,"",Spokane Public Library
https://img1.od-cdn.com/ImageType-100/1523-1/{796DFB70-85C3-4747-9FD5-EEAD11FEDD45}Img100.jpg,The Forever Witness,Edward Humes,Penguin Publishing Group,9781524746292,"January 29, 2023 23:20",Placed on hold,"",Spokane Public Library
https://img1.od-cdn.com/ImageType-100/1493-1/{92C63301-D9D7-48B6-8A98-D60D35CDF6F5}Img100.jpg,The House in the Cerulean Sea,TJ Klune,Macmillan Audio,9781250264299,"January 29, 2023 02:57",Placed on hold,"",Spokane Public Library
https://img1.od-cdn.com/ImageType-100/2390-1/{2D2508B4-1833-4579-8EF1-EF360B0921E3}Img100.jpg,The House in the Cerulean Sea,TJ Klune,Tor Publishing Group,9781250217325,"January 29, 2023 02:57",Placed on hold,"",Spokane Public Library
https://img1.od-cdn.com/ImageType-100/0955-1/{B9C64692-B54B-4635-8155-273B49242F02}Img100.jpg,Ever After,Olivia Vieweg,Lerner Publishing Group,9781728405292,"January 28, 2023 16:00",renew,"",Spokane Public Library
https://img1.od-cdn.com/ImageType-100/1523-1/{4F7801C0-ACDC-4CC6-AF28-95D196D3C965}Img100.jpg,Big Magic,Elizabeth Gilbert,Penguin Publishing Group,9780698408319,"January 28, 2023 16:00",Returned, 2 days  early,Spokane Public Library
https://img1.od-cdn.com/ImageType-100/0111-1/{B8C367DA-E521-490B-8DD3-2B8C9C3CFB74}IMG100.JPG,How to Be an Antiracist,Ibram X. Kendi,Random House Publishing Group,9780525509295,"January 28, 2023 16:00",Returned, 2 days  early,Spokane Public Library
https://img1.od-cdn.com/ImageType-100/2183-1/{2BD8B36C-3BF3-4339-8E08-F895883822C5}Img100.jpg,House of Sky and Breath,Sarah J. Maas,Bloomsbury Publishing,9781635574081,"January 28, 2023 16:00",Returned, 1 day  early,Spokane Public Library
https://img1.od-cdn.com/ImageType-100/0293-1/{20095585-112E-48E0-9114-B1A7AED6ABEE}IMG100.JPG,Graceling,Kristin Cashore,HarperCollins,9780547351278,"January 28, 2023 15:55",Borrowed, 21 days ,Spokane Public Library
https://img1.od-cdn.com/ImageType-100/2390-1/{E7374729-742E-415E-A904-38610244D538}IMG100.JPG,The Atlas Paradox,Olivie Blake,Tor Publishing Group,9781250855121,"January 27, 2023 15:39",Placed on hold,"",Spokane Public Library
https://img1.od-cdn.com/ImageType-100/1493-1/{58D4FF11-0FF3-426B-99C4-0CC86522E12B}IMG100.JPG,The Atlas Paradox,Olivie Blake,Macmillan Audio,9781250870797,"January 27, 2023 15:39",Placed on hold,"",Spokane Public Library
https://img1.od-cdn.com/ImageType-100/0293-1/{283D4E3C-4210-4F54-BC86-5414FEBC9AF9}Img100.jpg,The Cold Millions,Jess Walter,HarperAudio,9780063033863,"January 27, 2023 04:01",Borrowed, 21 days ,Spokane Public Library
https://img1.od-cdn.com/ImageType-100/0293-1/{DF7C3A08-EB63-418C-B8C2-DEBD33097D65}IMG100.JPG,The Cold Millions,Jess Walter,HarperCollins,9780062868107,"January 27, 2023 04:01",Placed on hold,"",Spokane Public Library
https://img1.od-cdn.com/ImageType-100/1493-1/{E55BD724-CEC3-455D-871E-AD3F57E00134}IMG100.JPG,Legends & Lattes,Travis Baldree,Macmillan Audio,9781250889652,"January 26, 2023 15:56",Returned, 4 days  early,Spokane Public Library
https://img1.od-cdn.com/ImageType-100/1219-1/{02EF0750-A967-493C-AA14-B292C33C1DC3}Img100.jpg,Crush,Tracy Wolff,"Tantor Media, Inc.",9781705219621,"January 25, 2023 17:36",Returned, 8 days  early,Spokane Public Library
https://img1.od-cdn.com/ImageType-100/1523-1/{B1C350B4-AE25-4202-9B05-11DE643E8A40}Img100.jpg,Iron Widow,Xiran Jay Zhao,Tundra Book Group,9780735269941,"January 24, 2023 23:36",Returned, 20 days  early,Spokane Public Library
https://img1.od-cdn.com/ImageType-100/1523-1/{B1C350B4-AE25-4202-9B05-11DE643E8A40}Img100.jpg,Iron Widow,Xiran Jay Zhao,Tundra Book Group,9780735269941,"January 24, 2023 04:01",renew,"",Spokane Public Library
https://img1.od-cdn.com/ImageType-100/2183-1/{33A71567-38C1-40F8-98D0-915C069443E4}IMG100.JPG,The Priory of the Orange Tree,Samantha Shannon,Bloomsbury Publishing,9781635570281,"January 24, 2023 04:00",Borrowed, 21 days ,Spokane Public Library
https://img1.od-cdn.com/ImageType-100/1493-1/{1B5D1E8A-9792-4F1F-B198-3A4A231F7D98}Img100.jpg,Ninth House,Leigh Bardugo,Macmillan Audio,9781250230911,"January 23, 2023 22:55",Placed on hold,"",Spokane Public Library
https://img1.od-cdn.com/ImageType-100/1493-1/{09B7EB5E-E2C1-4910-8B45-985821E8A680}IMG100.JPG,Hell Bent,Leigh Bardugo,Macmillan Audio,9781250859365,"January 23, 2023 22:54",Placed on hold,"",Spokane Public Library
https://img1.od-cdn.com/ImageType-100/2390-1/{7F2C5367-11CA-49C2-A9CD-0A3B1AF6D1E4}IMG100.JPG,Hell Bent,Leigh Bardugo,Flatiron Books,9781250313119,"January 23, 2023 22:54",Placed on hold,"",Spokane Public Library
https://img1.od-cdn.com/ImageType-100/0111-1/{B8C367DA-E521-490B-8DD3-2B8C9C3CFB74}IMG100.JPG,How to Be an Antiracist,Ibram X. Kendi,Random House Publishing Group,9780525509295,"January 23, 2023 17:31",Borrowed, 7 days ,Spokane Public Library
https://img1.od-cdn.com/ImageType-100/2183-1/{787A3037-7EC3-48B8-887D-C943EC00FD21}Img100.jpg,House of Earth and Blood,Sarah J. Maas,Bloomsbury Publishing,9781635574050,"January 22, 2023 19:04",Borrowed, 21 days ,Spokane Public Library
https://img1.od-cdn.com/ImageType-100/0293-1/{FE3EEE7F-2DDD-4E12-998A-38C5A43B948D}Img100.jpg,The Song of Achilles,Madeline Miller,HarperAudio,9780062115577,"January 22, 2023 06:21",Borrowed, 21 days ,Spokane Public Library
https://img1.od-cdn.com/ImageType-100/0293-1/{98029A86-A1E8-44F8-A93F-374C36D16C2C}IMG100.JPG,Truly Devious,Maureen Johnson,HarperCollins,9780062338075,"January 21, 2023 16:22",Borrowed, 21 days ,Spokane Public Library
https://img1.od-cdn.com/ImageType-100/1219-1/{2E788F69-82E8-4A42-B902-A8A896D49D2E}Img100.jpg,Crave,Tracy Wolff,"Tantor Media, Inc.",9781705219607,"January 20, 2023 06:19",Borrowed, 21 days ,Spokane Public Library
https://img1.od-cdn.com/ImageType-100/5054-1/{8A6C7499-FC93-4ACB-A72E-FF3A85DED1A6}IMG100.JPG,I'm Glad My Mom Died,Jennette McCurdy,Simon & Schuster Audio,9781797147949,"January 20, 2023 00:07",Returned, 7 days  early,Spokane Public Library
https://img1.od-cdn.com/ImageType-100/2390-1/{9DEC75E6-F795-437C-9897-A6926B466EBA}Img100.jpg,Six of Crows,Leigh Bardugo,Henry Holt and Co. (BYR),9781627795227,"January 20, 2023 00:07",Borrowed, 21 days ,Spokane Public Library
https://img1.od-cdn.com/ImageType-100/1694-1/{B462AC21-6327-4E02-8512-6B96782F087B}IMG100.JPG,Fugitive Telemetry,Martha Wells,"Recorded Books, Inc.",9781980080633,"January 19, 2023 17:46",Returned, 2 days  early,Spokane Public Library
https://img1.od-cdn.com/ImageType-100/0111-1/{8EF808C3-75DC-40A5-ABD9-8A79AB24FF8C}Img100.jpg,A Great and Terrible Beauty,Libba Bray,Random House Children's Books,9780375890499,"January 19, 2023 01:35",Returned, 15 days  early,Spokane Public Library
https://img1.od-cdn.com/ImageType-100/1694-1/{1EF370D8-CFC6-45A8-9DBD-0E1D9C56361D}IMG100.JPG,Even Though I Knew the End,C.L. Polk,"Recorded Books, Inc.",9781705051771,"January 19, 2023 01:34",Returned, 17 days  early,Spokane Public Library
https://img1.od-cdn.com/ImageType-100/1219-1/{6DD9C963-FFD8-4D1B-AAE4-79C8813A1CD4}Img100.jpg,Covet,Tracy Wolff,"Tantor Media, Inc.",9781705219645,"January 19, 2023 01:34",Returned, 18 days  early,Spokane Public Library
https://img1.od-cdn.com/ImageType-100/0439-1/{35A488C5-A042-46A6-BD3D-5D7F8395CE7F}IMG100.JPG,Blood Like Magic,Liselle Sambury,Margaret K. McElderry Books,9781534465305,"January 19, 2023 01:33",Returned, 15 days  early,Spokane Public Library
https://img1.od-cdn.com/ImageType-100/1694-1/{937D1040-5B83-4F36-B623-3710EF53E5B5}IMG100.JPG,Network Effect,Martha Wells,"Recorded Books, Inc.",9781980021711,"January 19, 2023 01:28",Returned, 6 days  early,Spokane Public Library
https://img1.od-cdn.com/ImageType-100/0111-1/{08EBF66D-F705-4DCE-AE80-32F8B8DFCD97}Img100.jpg,When Women Were Dragons,Kelly Barnhill,Knopf Doubleday Publishing Group,9780385548236,"January 18, 2023 01:06",Returned, 4 days  early,Spokane Public Library
https://img1.od-cdn.com/ImageType-100/1191-1/{DF1B8FC5-DC96-4D0B-9926-70DDB547F82A}Img100.jpg,When Women Were Dragons,Kelly Barnhill,Books on Tape,9780593589311,"January 16, 2023 07:27",Returned, 3 days  early,Spokane Public Library
https://img1.od-cdn.com/ImageType-100/1219-1/{6DD9C963-FFD8-4D1B-AAE4-79C8813A1CD4}Img100.jpg,Covet,Tracy Wolff,"Tantor Media, Inc.",9781705219645,"January 16, 2023 07:09",Borrowed, 21 days ,Spokane Public Library
https://img1.od-cdn.com/ImageType-100/1694-1/{1EF370D8-CFC6-45A8-9DBD-0E1D9C56361D}IMG100.JPG,Even Though I Knew the End,C.L. Polk,"Recorded Books, Inc.",9781705051771,"January 15, 2023 04:26",Borrowed, 21 days ,Spokane Public Library
https://img1.od-cdn.com/ImageType-100/0293-1/{FE3EEE7F-2DDD-4E12-998A-38C5A43B948D}Img100.jpg,The Song of Achilles,Madeline Miller,HarperAudio,9780062115577,"January 15, 2023 00:33",Placed on hold,"",Spokane Public Library
https://img1.od-cdn.com/ImageType-100/0293-1/{98029A86-A1E8-44F8-A93F-374C36D16C2C}IMG100.JPG,Truly Devious,Maureen Johnson,HarperCollins,9780062338075,"January 13, 2023 05:02",Placed on hold,"",Spokane Public Library
https://img1.od-cdn.com/ImageType-100/2390-1/{1A8C0E5C-A602-4B5D-A2A6-31DFAD0BF7B5}IMG100.JPG,Even Though I Knew the End,C. L. Polk,Tor Publishing Group,9781250849465,"January 13, 2023 04:42",Placed on hold,"",Spokane Public Library
https://img1.od-cdn.com/ImageType-100/1694-1/{1EF370D8-CFC6-45A8-9DBD-0E1D9C56361D}IMG100.JPG,Even Though I Knew the End,C.L. Polk,"Recorded Books, Inc.",9781705051771,"January 13, 2023 04:42",Placed on hold,"",Spokane Public Library
https://img1.od-cdn.com/ImageType-100/0111-1/{8EF808C3-75DC-40A5-ABD9-8A79AB24FF8C}Img100.jpg,A Great and Terrible Beauty,Libba Bray,Random House Children's Books,9780375890499,"January 13, 2023 04:39",Borrowed, 21 days ,Spokane Public Library
https://img1.od-cdn.com/ImageType-100/0439-1/{35A488C5-A042-46A6-BD3D-5D7F8395CE7F}IMG100.JPG,Blood Like Magic,Liselle Sambury,Margaret K. McElderry Books,9781534465305,"January 13, 2023 04:30",Borrowed, 21 days ,Spokane Public Library
https://img1.od-cdn.com/ImageType-100/4575-1/{8624F4F1-B2EA-4DB7-A44A-9625AC51D8A9}Img100.jpg,Soulless,Gail Carriger,Hachette Audio,9781549140655,"January 13, 2023 04:28",Borrowed, 21 days ,Spokane Public Library
https://img1.od-cdn.com/ImageType-100/1191-1/{B9F1A650-69A7-40C7-BC22-AEFFD340EDA1}Img100.jpg,Fire,Kristin Cashore,Books on Tape,9781101145708,"January 13, 2023 04:20",Borrowed, 21 days ,Spokane Public Library
https://img1.od-cdn.com/ImageType-100/1060-1/{B8E993E1-7D88-4AF2-A305-B467ED6A73FC}Img100.jpg,Graceling,Kristin Cashore,Full Cast Audio,"","January 13, 2023 04:19",Borrowed, 21 days ,Spokane Public Library
https://img1.od-cdn.com/ImageType-100/0293-1/{20095585-112E-48E0-9114-B1A7AED6ABEE}IMG100.JPG,Graceling,Kristin Cashore,HarperCollins,9780547351278,"January 13, 2023 04:19",Placed on hold,"",Spokane Public Library
https://img1.od-cdn.com/ImageType-100/1219-1/{6DD9C963-FFD8-4D1B-AAE4-79C8813A1CD4}Img100.jpg,Covet,Tracy Wolff,"Tantor Media, Inc.",9781705219645,"January 13, 2023 04:18",Placed on hold,"",Spokane Public Library
https://img1.od-cdn.com/ImageType-100/1219-1/{02EF0750-A967-493C-AA14-B292C33C1DC3}Img100.jpg,Crush,Tracy Wolff,"Tantor Media, Inc.",9781705219621,"January 13, 2023 04:18",Borrowed, 21 days ,Spokane Public Library
https://img1.od-cdn.com/ImageType-100/1219-1/{2E788F69-82E8-4A42-B902-A8A896D49D2E}Img100.jpg,Crave,Tracy Wolff,"Tantor Media, Inc.",9781705219607,"January 13, 2023 04:16",Placed on hold,"",Spokane Public Library
https://img1.od-cdn.com/ImageType-100/0293-1/{18AA2FBD-D700-4A92-BC5F-94B91030E2F1}IMG100.JPG,They Both Die at the End,Adam Silvera,HarperCollins,9780062457813,"January 13, 2023 01:34",Returned, 14 days  early,Spokane Public Library
https://img1.od-cdn.com/ImageType-100/0293-1/{AA05D4F9-2E76-4C3B-BB40-81B8D2DAF178}Img100.jpg,They Both Die at the End,Adam Silvera,Quill Tree Books,9780062740694,"January 13, 2023 01:34",Returned, 2 days  early,Spokane Public Library
https://img1.od-cdn.com/ImageType-100/0955-1/{B9C64692-B54B-4635-8155-273B49242F02}Img100.jpg,Ever After,Olivia Vieweg,Lerner Publishing Group,9781728405292,"January 10, 2023 01:38",renew,"",Spokane Public Library
https://img1.od-cdn.com/ImageType-100/1493-1/{E55BD724-CEC3-455D-871E-AD3F57E00134}IMG100.JPG,Legends & Lattes,Travis Baldree,Macmillan Audio,9781250889652,"January 10, 2023 01:38",Borrowed, 21 days ,Spokane Public Library
https://img1.od-cdn.com/ImageType-100/1523-1/{4F7801C0-ACDC-4CC6-AF28-95D196D3C965}Img100.jpg,Big Magic,Elizabeth Gilbert,Penguin Publishing Group,9780698408319,"January 10, 2023 01:37",Borrowed, 21 days ,Spokane Public Library
https://img1.od-cdn.com/ImageType-100/1191-1/{BD1A43C1-4384-47B2-AB85-787DB9B1AECD}Img100.jpg,Big Magic,Elizabeth Gilbert,Books on Tape,9780698410961,"January 10, 2023 01:37",Placed on hold,"",Spokane Public Library
https://img1.od-cdn.com/ImageType-100/2183-1/{2BD8B36C-3BF3-4339-8E08-F895883822C5}Img100.jpg,House of Sky and Breath,Sarah J. Maas,Bloomsbury Publishing,9781635574081,"January 09, 2023 03:22",Borrowed, 21 days ,Spokane Public Library
https://img1.od-cdn.com/ImageType-100/2183-1/{787A3037-7EC3-48B8-887D-C943EC00FD21}Img100.jpg,House of Earth and Blood,Sarah J. Maas,Bloomsbury Publishing,9781635574050,"January 09, 2023 03:22",Placed on hold,"",Spokane Public Library
https://img1.od-cdn.com/ImageType-100/1191-1/{0A760D6B-F864-4E95-89C6-E1E3ED6964AE}Img100.jpg,Aurora Burning,"Amie Kaufman, Jay Kristoff",Books on Tape,9781524780814,"January 09, 2023 01:18",Returned, 10 days  early,Spokane Public Library
https://img1.od-cdn.com/ImageType-100/0293-1/{18AA2FBD-D700-4A92-BC5F-94B91030E2F1}IMG100.JPG,They Both Die at the End,Adam Silvera,HarperCollins,9780062457813,"January 07, 2023 00:07",Borrowed, 21 days ,Spokane Public Library
https://img1.od-cdn.com/ImageType-100/5054-1/{8A6C7499-FC93-4ACB-A72E-FF3A85DED1A6}IMG100.JPG,I'm Glad My Mom Died,Jennette McCurdy,Simon & Schuster Audio,9781797147949,"January 06, 2023 00:50",Borrowed, 21 days ,Spokane Public Library
https://img1.od-cdn.com/ImageType-100/1523-1/{B1C350B4-AE25-4202-9B05-11DE643E8A40}Img100.jpg,Iron Widow,Xiran Jay Zhao,Tundra Book Group,9780735269941,"January 04, 2023 23:31",Borrowed, 21 days ,Spokane Public Library
https://img1.od-cdn.com/ImageType-100/1694-1/{937D1040-5B83-4F36-B623-3710EF53E5B5}IMG100.JPG,Network Effect,Martha Wells,"Recorded Books, Inc.",9781980021711,"January 04, 2023 23:31",Borrowed, 21 days ,Spokane Public Library
https://img1.od-cdn.com/ImageType-100/0293-1/{18AA2FBD-D700-4A92-BC5F-94B91030E2F1}IMG100.JPG,They Both Die at the End,Adam Silvera,HarperCollins,9780062457813,"January 04, 2023 16:59",Returned,on due date,Spokane Public Library
https://img1.od-cdn.com/ImageType-100/1523-1/{B1C350B4-AE25-4202-9B05-11DE643E8A40}Img100.jpg,Iron Widow,Xiran Jay Zhao,Tundra Book Group,9780735269941,"January 04, 2023 14:48",Returned,on due date,Spokane Public Library
https://img1.od-cdn.com/ImageType-100/2390-1/{F2755D16-8265-4B7E-8D4E-FB707E22F77E}Img100.jpg,Crooked Kingdom,Leigh Bardugo,Henry Holt and Co. (BYR),9781627797917,"January 02, 2023 03:00",Placed on hold,"",Spokane Public Library
https://img1.od-cdn.com/ImageType-100/2390-1/{9DEC75E6-F795-437C-9897-A6926B466EBA}Img100.jpg,Six of Crows,Leigh Bardugo,Henry Holt and Co. (BYR),9781627795227,"January 02, 2023 03:00",Placed on hold,"",Spokane Public Library
https://img1.od-cdn.com/ImageType-100/0293-1/{18AA2FBD-D700-4A92-BC5F-94B91030E2F1}IMG100.JPG,They Both Die at the End,Adam Silvera,HarperCollins,9780062457813,"January 01, 2023 18:31",Placed on hold,"",Spokane Public Library
https://img1.od-cdn.com/ImageType-100/1523-1/{B1C350B4-AE25-4202-9B05-11DE643E8A40}Img100.jpg,Iron Widow,Xiran Jay Zhao,Tundra Book Group,9780735269941,"January 01, 2023 18:31",Placed on hold,"",Spokane Public Library
https://img1.od-cdn.com/ImageType-100/0111-1/{08EBF66D-F705-4DCE-AE80-32F8B8DFCD97}Img100.jpg,When Women Were Dragons,Kelly Barnhill,Knopf Doubleday Publishing Group,9780385548236,"January 01, 2023 18:30",Borrowed, 21 days ,Spokane Public Library
https://img1.od-cdn.com/ImageType-100/2183-1/{33A71567-38C1-40F8-98D0-915C069443E4}IMG100.JPG,The Priory of the Orange Tree,Samantha Shannon,Bloomsbury Publishing,9781635570281,"January 01, 2023 00:46",Placed on hold,"",Spokane Public Library
https://img1.od-cdn.com/ImageType-100/1694-1/{B462AC21-6327-4E02-8512-6B96782F087B}IMG100.JPG,Fugitive Telemetry,Martha Wells,"Recorded Books, Inc.",9781980080633,"December 31, 2022 20:58",Borrowed, 21 days ,Spokane Public Library
https://img1.od-cdn.com/ImageType-100/1191-1/{DF1B8FC5-DC96-4D0B-9926-70DDB547F82A}Img100.jpg,When Women Were Dragons,Kelly Barnhill,Books on Tape,9780593589311,"December 29, 2022 19:33",renew,"",Spokane Public Library
https://img1.od-cdn.com/ImageType-100/0017-1/{C004A7DA-8984-43AE-8AB8-DAF199A8BE19}Img100.jpg,Life and Death,Stephenie Meyer,"Little, Brown Books for Young Readers",9780316557955,"December 29, 2022 19:33",Returned, 1 day  early,Spokane Public Library
https://img1.od-cdn.com/ImageType-100/1191-1/{73395B7C-95D8-4B97-918E-82B70F392489}Img100.jpg,Aurora Rising,"Amie Kaufman, Jay Kristoff",Books on Tape,9781524780777,"December 29, 2022 19:32",Returned, 2 days  early,Spokane Public Library
https://img1.od-cdn.com/ImageType-100/1191-1/{0A760D6B-F864-4E95-89C6-E1E3ED6964AE}Img100.jpg,Aurora Burning,"Amie Kaufman, Jay Kristoff",Books on Tape,9781524780814,"December 29, 2022 19:31",Borrowed, 21 days ,Spokane Public Library
https://img1.od-cdn.com/ImageType-100/0293-1/{1946599C-2AB7-49DC-A5A9-1F4C3DD9C5D0}Img100.jpg,The Alchemist,Paulo Coelho,HarperCollins,9780062416216,"December 28, 2022 05:27",Returned,on due date,Spokane Public Library
https://img1.od-cdn.com/ImageType-100/0293-1/{AA05D4F9-2E76-4C3B-BB40-81B8D2DAF178}Img100.jpg,They Both Die at the End,Adam Silvera,Quill Tree Books,9780062740694,"December 25, 2022 19:54",Borrowed, 21 days ,Spokane Public Library
https://img1.od-cdn.com/ImageType-100/1694-1/{93E0A6EB-2567-4B58-9D2F-F9D6F82E9010}IMG100.JPG,Exit Strategy,Martha Wells,"Recorded Books, Inc.",9781501999994,"December 24, 2022 18:40",Returned, 12 days  early,Spokane Public Library
https://img1.od-cdn.com/ImageType-100/2343-1/{F08B276C-0493-4577-B907-229F15A3DC7B}Img100.jpg,Then She Was Gone,Lisa Jewell,Dreamscape Media,9781666605266,"December 24, 2022 18:40",Returned, 2 days  early,Spokane Public Library
https://img1.od-cdn.com/ImageType-100/0955-1/{B9C64692-B54B-4635-8155-273B49242F02}Img100.jpg,Ever After,Olivia Vieweg,Lerner Publishing Group,9781728405292,"December 21, 2022 18:06",Borrowed, 21 days ,Spokane Public Library
https://img1.od-cdn.com/ImageType-100/1493-1/{E55BD724-CEC3-455D-871E-AD3F57E00134}IMG100.JPG,Legends & Lattes,Travis Baldree,Macmillan Audio,9781250889652,"December 21, 2022 18:05",Placed on hold,"",Spokane Public Library
https://img1.od-cdn.com/ImageType-100/1694-1/{93E0A6EB-2567-4B58-9D2F-F9D6F82E9010}IMG100.JPG,Exit Strategy,Martha Wells,"Recorded Books, Inc.",9781501999994,"December 16, 2022 03:29",Borrowed, 21 days ,Spokane Public Library
https://img1.od-cdn.com/ImageType-100/0293-1/{18AA2FBD-D700-4A92-BC5F-94B91030E2F1}IMG100.JPG,They Both Die at the End,Adam Silvera,HarperCollins,9780062457813,"December 14, 2022 16:59",Borrowed, 21 days ,Spokane Public Library
https://img1.od-cdn.com/ImageType-100/1694-1/{B462AC21-6327-4E02-8512-6B96782F087B}IMG100.JPG,Fugitive Telemetry,Martha Wells,"Recorded Books, Inc.",9781980080633,"December 14, 2022 14:50",Returned, 8 days  early,Spokane Public Library
https://img1.od-cdn.com/ImageType-100/1694-1/{937D1040-5B83-4F36-B623-3710EF53E5B5}IMG100.JPG,Network Effect,Martha Wells,"Recorded Books, Inc.",9781980021711,"December 14, 2022 14:50",Placed on hold,"",Spokane Public Library
https://img1.od-cdn.com/ImageType-100/1694-1/{937D1040-5B83-4F36-B623-3710EF53E5B5}IMG100.JPG,Network Effect,Martha Wells,"Recorded Books, Inc.",9781980021711,"December 14, 2022 14:50",Returned, 8 days  early,Spokane Public Library
https://img1.od-cdn.com/ImageType-100/1694-1/{93E0A6EB-2567-4B58-9D2F-F9D6F82E9010}IMG100.JPG,Exit Strategy,Martha Wells,"Recorded Books, Inc.",9781501999994,"December 14, 2022 14:50",Placed on hold,"",Spokane Public Library
https://img1.od-cdn.com/ImageType-100/1523-1/{B1C350B4-AE25-4202-9B05-11DE643E8A40}Img100.jpg,Iron Widow,Xiran Jay Zhao,Tundra Book Group,9780735269941,"December 14, 2022 14:48",Borrowed, 21 days ,Spokane Public Library
https://img1.od-cdn.com/ImageType-100/1191-1/{DF1B8FC5-DC96-4D0B-9926-70DDB547F82A}Img100.jpg,When Women Were Dragons,Kelly Barnhill,Books on Tape,9780593589311,"December 11, 2022 15:03",Borrowed, 21 days ,Spokane Public Library
https://img1.od-cdn.com/ImageType-100/0293-1/{18AA2FBD-D700-4A92-BC5F-94B91030E2F1}IMG100.JPG,They Both Die at the End,Adam Silvera,HarperCollins,9780062457813,"December 11, 2022 02:38",Placed on hold,"",Spokane Public Library
https://img1.od-cdn.com/ImageType-100/0293-1/{AA05D4F9-2E76-4C3B-BB40-81B8D2DAF178}Img100.jpg,They Both Die at the End,Adam Silvera,Quill Tree Books,9780062740694,"December 11, 2022 02:38",Placed on hold,"",Spokane Public Library
https://img1.od-cdn.com/ImageType-100/1191-1/{73395B7C-95D8-4B97-918E-82B70F392489}Img100.jpg,Aurora Rising,"Amie Kaufman, Jay Kristoff",Books on Tape,9781524780777,"December 11, 2022 02:37",Borrowed, 21 days ,Spokane Public Library
https://img1.od-cdn.com/ImageType-100/1219-1/{3E34E5ED-11B8-43B4-B838-621F65940A94}Img100.jpg,Gulp,Mary Roach,"Tantor Media, Inc.",9781452683423,"December 10, 2022 20:51",Returned, 4 days  early,Spokane Public Library
https://img1.od-cdn.com/ImageType-100/0017-1/{C004A7DA-8984-43AE-8AB8-DAF199A8BE19}Img100.jpg,Life and Death,Stephenie Meyer,"Little, Brown Books for Young Readers",9780316557955,"December 10, 2022 15:50",Borrowed, 21 days ,Spokane Public Library
https://img1.od-cdn.com/ImageType-100/1523-1/{B1C350B4-AE25-4202-9B05-11DE643E8A40}Img100.jpg,Iron Widow,Xiran Jay Zhao,Tundra Book Group,9780735269941,"December 10, 2022 02:36",Returned,on due date,Spokane Public Library
https://img1.od-cdn.com/ImageType-100/0111-1/{08EBF66D-F705-4DCE-AE80-32F8B8DFCD97}Img100.jpg,When Women Were Dragons,Kelly Barnhill,Knopf Doubleday Publishing Group,9780385548236,"December 08, 2022 00:05",Placed on hold,"",Spokane Public Library
https://img1.od-cdn.com/ImageType-100/1191-1/{DF1B8FC5-DC96-4D0B-9926-70DDB547F82A}Img100.jpg,When Women Were Dragons,Kelly Barnhill,Books on Tape,9780593589311,"December 08, 2022 00:05",Placed on hold,"",Spokane Public Library
https://img1.od-cdn.com/ImageType-100/1523-1/{B1C350B4-AE25-4202-9B05-11DE643E8A40}Img100.jpg,Iron Widow,Xiran Jay Zhao,Tundra Book Group,9780735269941,"December 07, 2022 15:11",Placed on hold,"",Spokane Public Library
https://img1.od-cdn.com/ImageType-100/0293-1/{1946599C-2AB7-49DC-A5A9-1F4C3DD9C5D0}Img100.jpg,The Alchemist,Paulo Coelho,HarperCollins,9780062416216,"December 07, 2022 05:27",Borrowed, 21 days ,Spokane Public Library
https://img1.od-cdn.com/ImageType-100/0017-1/{30D8C23A-48DA-4E98-8034-C7C8AFDD81C6}IMG100.JPG,The Hawthorne Legacy,Jennifer Lynn Barnes,"Little, Brown Books for Young Readers",9780759557642,"December 07, 2022 05:23",Returned, 11 days  early,Spokane Public Library
https://img1.od-cdn.com/ImageType-100/0017-1/{673F89F4-F721-4DD4-A8B3-73423AA1395D}IMG100.JPG,The Final Gambit,Jennifer Lynn Barnes,"Little, Brown Books for Young Readers",9780316371124,"December 07, 2022 05:22",Placed on hold,"",Spokane Public Library
https://img1.od-cdn.com/ImageType-100/4575-1/{28515436-BD3D-4D63-9E11-F6AD12B5F8A5}IMG100.JPG,The Final Gambit,Jennifer Lynn Barnes,Hachette Audio,9781668605868,"December 07, 2022 05:22",Placed on hold,"",Spokane Public Library
https://img1.od-cdn.com/ImageType-100/2343-1/{F08B276C-0493-4577-B907-229F15A3DC7B}Img100.jpg,Then She Was Gone,Lisa Jewell,Dreamscape Media,9781666605266,"December 06, 2022 17:17",Borrowed, 21 days ,Spokane Public Library
https://img1.od-cdn.com/ImageType-100/0017-1/{02EAC8C0-8A00-4CE3-96C0-59EF3A724D3A}IMG100.JPG,The Inheritance Games,Jennifer Lynn Barnes,"Little, Brown Books for Young Readers",9781368053242,"December 03, 2022 15:59",Returned, 10 days  early,Spokane Public Library
https://img1.od-cdn.com/ImageType-100/0174-1/{FD561CEF-0554-4F97-BA7D-AFEFAC15B30D}Img100.jpg,Five Total Strangers,Natalie D. Richards,Sourcebooks,9781492657224,"December 03, 2022 15:59",Returned, 2 days  early,Spokane Public Library
https://img1.od-cdn.com/ImageType-100/1694-1/{D101C7AD-39B9-4478-822F-25A1ADE8683A}IMG100.JPG,Rogue Protocol,Martha Wells,"Recorded Books, Inc.",9781501999796,"December 03, 2022 05:16",Returned, 9 days  early,Spokane Public Library
https://img1.od-cdn.com/ImageType-100/1694-1/{7CBFB589-F059-46B8-A33C-247D3F2A1DA3}IMG100.JPG,Artificial Condition,Martha Wells,"Recorded Books, Inc.",9781501977831,"December 02, 2022 02:01",Returned, 16 days  early,Spokane Public Library
https://img1.od-cdn.com/ImageType-100/5054-1/{8A6C7499-FC93-4ACB-A72E-FF3A85DED1A6}IMG100.JPG,I'm Glad My Mom Died,Jennette McCurdy,Simon & Schuster Audio,9781797147949,"December 02, 2022 02:00",Placed on hold,"",Spokane Public Library
https://img1.od-cdn.com/ImageType-100/1694-1/{B462AC21-6327-4E02-8512-6B96782F087B}IMG100.JPG,Fugitive Telemetry,Martha Wells,"Recorded Books, Inc.",9781980080633,"December 01, 2022 17:03",Borrowed, 21 days ,Spokane Public Library
https://img1.od-cdn.com/ImageType-100/1694-1/{937D1040-5B83-4F36-B623-3710EF53E5B5}IMG100.JPG,Network Effect,Martha Wells,"Recorded Books, Inc.",9781980021711,"December 01, 2022 17:03",Borrowed, 21 days ,Spokane Public Library
https://img1.od-cdn.com/ImageType-100/1694-1/{7CBFB589-F059-46B8-A33C-247D3F2A1DA3}IMG100.JPG,Artificial Condition,Martha Wells,"Recorded Books, Inc.",9781501977831,"November 27, 2022 16:54",Borrowed, 21 days ,Spokane Public Library
https://img1.od-cdn.com/ImageType-100/0017-1/{30D8C23A-48DA-4E98-8034-C7C8AFDD81C6}IMG100.JPG,The Hawthorne Legacy,Jennifer Lynn Barnes,"Little, Brown Books for Young Readers",9780759557642,"November 27, 2022 05:27",Borrowed, 21 days ,Spokane Public Library
https://img1.od-cdn.com/ImageType-100/1219-1/{3E34E5ED-11B8-43B4-B838-621F65940A94}Img100.jpg,Gulp,Mary Roach,"Tantor Media, Inc.",9781452683423,"November 24, 2022 18:56",Borrowed, 21 days ,Spokane Public Library
https://img1.od-cdn.com/ImageType-100/0017-1/{02EAC8C0-8A00-4CE3-96C0-59EF3A724D3A}IMG100.JPG,The Inheritance Games,Jennifer Lynn Barnes,"Little, Brown Books for Young Readers",9781368053242,"November 23, 2022 01:12",Borrowed, 21 days ,Spokane Public Library
https://img1.od-cdn.com/ImageType-100/1694-1/{D101C7AD-39B9-4478-822F-25A1ADE8683A}IMG100.JPG,Rogue Protocol,Martha Wells,"Recorded Books, Inc.",9781501999796,"November 22, 2022 00:51",Borrowed, 21 days ,Spokane Public Library
https://img1.od-cdn.com/ImageType-100/1694-1/{7CBFB589-F059-46B8-A33C-247D3F2A1DA3}IMG100.JPG,Artificial Condition,Martha Wells,"Recorded Books, Inc.",9781501977831,"November 22, 2022 00:51",Placed on hold,"",Spokane Public Library
https://img1.od-cdn.com/ImageType-100/1523-1/{B1C350B4-AE25-4202-9B05-11DE643E8A40}Img100.jpg,Iron Widow,Xiran Jay Zhao,Tundra Book Group,9780735269941,"November 19, 2022 02:36",Borrowed, 21 days ,Spokane Public Library
https://img1.od-cdn.com/ImageType-100/0017-1/{0F9A352C-CEC8-4C21-A678-CB631612897C}IMG100.JPG,Beyond the Wand,Tom Felton,Grand Central Publishing,9781538741382,"November 17, 2022 01:40",Returned, 2 days  early,Spokane Public Library
https://img1.od-cdn.com/ImageType-100/1493-1/{89982688-BBA9-4BB4-A815-5848EBC17F29}Img100.jpg,The Great Alone,Kristin Hannah,Macmillan Audio,9781427287540,"November 17, 2022 01:40",Returned, 2 days  early,Spokane Public Library
https://img1.od-cdn.com/ImageType-100/0017-1/{30D8C23A-48DA-4E98-8034-C7C8AFDD81C6}IMG100.JPG,The Hawthorne Legacy,Jennifer Lynn Barnes,"Little, Brown Books for Young Readers",9780759557642,"November 15, 2022 05:32",Placed on hold,"",Spokane Public Library
https://img1.od-cdn.com/ImageType-100/0174-1/{FD561CEF-0554-4F97-BA7D-AFEFAC15B30D}Img100.jpg,Five Total Strangers,Natalie D. Richards,Sourcebooks,9781492657224,"November 15, 2022 05:30",Borrowed, 21 days ,Spokane Public Library
https://img1.od-cdn.com/ImageType-100/5054-1/{8A6C7499-FC93-4ACB-A72E-FF3A85DED1A6}IMG100.JPG,I'm Glad My Mom Died,Jennette McCurdy,Simon & Schuster Audio,9781797147949,"November 14, 2022 16:27",Returned,on due date,Spokane Public Library
https://img1.od-cdn.com/ImageType-100/1694-1/{7CBFB589-F059-46B8-A33C-247D3F2A1DA3}IMG100.JPG,Artificial Condition,Martha Wells,"Recorded Books, Inc.",9781501977831,"November 12, 2022 23:57",Returned,on due date,Spokane Public Library
https://img1.od-cdn.com/ImageType-100/0017-1/{C004A7DA-8984-43AE-8AB8-DAF199A8BE19}Img100.jpg,Life and Death,Stephenie Meyer,"Little, Brown Books for Young Readers",9780316557955,"November 09, 2022 05:53",Returned, 2 days  early,Spokane Public Library
https://img1.od-cdn.com/ImageType-100/0017-1/{C004A7DA-8984-43AE-8AB8-DAF199A8BE19}Img100.jpg,Life and Death,Stephenie Meyer,"Little, Brown Books for Young Readers",9780316557955,"November 09, 2022 05:52",Placed on hold,"",Spokane Public Library
https://img1.od-cdn.com/ImageType-100/0017-1/{02EAC8C0-8A00-4CE3-96C0-59EF3A724D3A}IMG100.JPG,The Inheritance Games,Jennifer Lynn Barnes,"Little, Brown Books for Young Readers",9781368053242,"October 29, 2022 21:45",Placed on hold,"",Spokane Public Library
https://img1.od-cdn.com/ImageType-100/0017-1/{0F9A352C-CEC8-4C21-A678-CB631612897C}IMG100.JPG,Beyond the Wand,Tom Felton,Grand Central Publishing,9781538741382,"October 29, 2022 21:21",Borrowed, 21 days ,Spokane Public Library
https://img1.od-cdn.com/ImageType-100/1191-1/{D9B7175A-C3F7-4C94-96AF-9E9EE6FA595E}Img100.jpg,The Final Girl Support Group,Grady Hendrix,Books on Tape,9780593410035,"October 29, 2022 14:56",Returned, 15 days  early,Spokane Public Library
https://img1.od-cdn.com/ImageType-100/1493-1/{89982688-BBA9-4BB4-A815-5848EBC17F29}Img100.jpg,The Great Alone,Kristin Hannah,Macmillan Audio,9781427287540,"October 29, 2022 14:55",Borrowed, 21 days ,Spokane Public Library
https://img1.od-cdn.com/ImageType-100/5054-1/{8A6C7499-FC93-4ACB-A72E-FF3A85DED1A6}IMG100.JPG,I'm Glad My Mom Died,Jennette McCurdy,Simon & Schuster Audio,9781797147949,"October 24, 2022 16:27",Borrowed, 21 days ,Spokane Public Library
https://img1.od-cdn.com/ImageType-100/1694-1/{416729FE-7FE4-43A5-84EC-10896FAA9FC4}IMG100.JPG,All Systems Red,Martha Wells,"Recorded Books, Inc.",9781501977824,"October 24, 2022 13:42",Returned, 4 days  early,Spokane Public Library
https://img1.od-cdn.com/ImageType-100/1191-1/{D9B7175A-C3F7-4C94-96AF-9E9EE6FA595E}Img100.jpg,The Final Girl Support Group,Grady Hendrix,Books on Tape,9780593410035,"October 24, 2022 13:41",Borrowed, 21 days ,Spokane Public Library
https://img1.od-cdn.com/ImageType-100/1694-1/{D101C7AD-39B9-4478-822F-25A1ADE8683A}IMG100.JPG,Rogue Protocol,Martha Wells,"Recorded Books, Inc.",9781501999796,"October 22, 2022 23:57",Placed on hold,"",Spokane Public Library
https://img1.od-cdn.com/ImageType-100/1694-1/{7CBFB589-F059-46B8-A33C-247D3F2A1DA3}IMG100.JPG,Artificial Condition,Martha Wells,"Recorded Books, Inc.",9781501977831,"October 22, 2022 23:57",Borrowed, 21 days ,Spokane Public Library
https://img1.od-cdn.com/ImageType-100/0017-1/{C004A7DA-8984-43AE-8AB8-DAF199A8BE19}Img100.jpg,Life and Death,Stephenie Meyer,"Little, Brown Books for Young Readers",9780316557955,"October 22, 2022 04:00",Borrowed, 21 days ,Spokane Public Library
https://img1.od-cdn.com/ImageType-100/0017-1/{0F9A352C-CEC8-4C21-A678-CB631612897C}IMG100.JPG,Beyond the Wand,Tom Felton,Grand Central Publishing,9781538741382,"October 20, 2022 19:19",Placed on hold,"",Spokane Public Library
https://img1.od-cdn.com/ImageType-100/1191-1/{D9B7175A-C3F7-4C94-96AF-9E9EE6FA595E}Img100.jpg,The Final Girl Support Group,Grady Hendrix,Books on Tape,9780593410035,"October 20, 2022 01:17",Returned, 19 hours  early,Spokane Public Library
https://img1.od-cdn.com/ImageType-100/1191-1/{D9B7175A-C3F7-4C94-96AF-9E9EE6FA595E}Img100.jpg,The Final Girl Support Group,Grady Hendrix,Books on Tape,9780593410035,"October 20, 2022 01:16",Placed on hold,"",Spokane Public Library
https://img1.od-cdn.com/ImageType-100/2389-1/{6A600B7A-AFDA-4F0F-A32C-5BE178267B0E}Img100.jpg,Pride and Prejudice,Jane Austen,Duke Classics,"","October 20, 2022 01:16",Returned, 2 days  early,Spokane Public Library
https://img1.od-cdn.com/ImageType-100/1219-1/{5F259804-BCE3-42D9-A374-1D18FAEA34B3}Img100.jpg,"Harry, a History",Melissa Anelli,"Tantor Media, Inc.",9781400181629,"October 14, 2022 15:23",Returned,on due date,Spokane Public Library
https://img1.od-cdn.com/ImageType-100/1219-1/{D8605BF8-EEFF-4F8E-9FC4-D19E0DAE1653}Img100.jpg,The Neverending Story,Michael Ende,"Tantor Media, Inc.","","October 12, 2022 04:48",Returned,on due date,Spokane Public Library
https://img1.od-cdn.com/ImageType-100/2390-1/{2E557006-D7B5-4B7D-AC97-7B28A9B430F2}IMG100.JPG,The Great Alone,Kristin Hannah,St. Martin's Publishing Group,9781250165619,"October 08, 2022 17:25",Placed on hold,"",Spokane Public Library
https://img1.od-cdn.com/ImageType-100/1493-1/{89982688-BBA9-4BB4-A815-5848EBC17F29}Img100.jpg,The Great Alone,Kristin Hannah,Macmillan Audio,9781427287540,"October 08, 2022 17:25",Placed on hold,"",Spokane Public Library
https://img1.od-cdn.com/ImageType-100/0293-1/{8809BC36-EB29-4964-B022-D2A68D9F3445}IMG100.JPG,The Poppy War,R. F. Kuang,HarperAudio,9780062848789,"October 08, 2022 05:25",Returned, 6 days  early,Spokane Public Library
https://img1.od-cdn.com/ImageType-100/1694-1/{416729FE-7FE4-43A5-84EC-10896FAA9FC4}IMG100.JPG,All Systems Red,Martha Wells,"Recorded Books, Inc.",9781501977824,"October 08, 2022 00:08",Borrowed, 21 days ,Spokane Public Library
https://img1.od-cdn.com/ImageType-100/0017-1/{C004A7DA-8984-43AE-8AB8-DAF199A8BE19}Img100.jpg,Life and Death,Stephenie Meyer,"Little, Brown Books for Young Readers",9780316557955,"October 06, 2022 21:00",Placed on hold,"",Spokane Public Library
https://img1.od-cdn.com/ImageType-100/1219-1/{2E788F69-82E8-4A42-B902-A8A896D49D2E}Img100.jpg,Crave,Tracy Wolff,"Tantor Media, Inc.",9781705219607,"October 06, 2022 16:05",Returned, 1 day  early,Spokane Public Library
https://img1.od-cdn.com/ImageType-100/1219-1/{2A8E1816-FC76-4609-922D-A0E0377A73C1}IMG100.JPG,Court,Tracy Wolff,"Tantor Media, Inc.",9781705276464,"October 06, 2022 16:04",Returned, 16 days  early,Spokane Public Library
https://img1.od-cdn.com/ImageType-100/1219-1/{6DD9C963-FFD8-4D1B-AAE4-79C8813A1CD4}Img100.jpg,Covet,Tracy Wolff,"Tantor Media, Inc.",9781705219645,"October 06, 2022 16:04",Returned, 14 days  early,Spokane Public Library
https://img1.od-cdn.com/ImageType-100/1219-1/{02EF0750-A967-493C-AA14-B292C33C1DC3}Img100.jpg,Crush,Tracy Wolff,"Tantor Media, Inc.",9781705219621,"October 06, 2022 16:04",Returned, 1 day  early,Spokane Public Library
https://img1.od-cdn.com/ImageType-100/2389-1/{6A600B7A-AFDA-4F0F-A32C-5BE178267B0E}Img100.jpg,Pride and Prejudice,Jane Austen,Duke Classics,"","October 01, 2022 20:59",renew,"",Spokane Public Library
https://img1.od-cdn.com/ImageType-100/1219-1/{2A8E1816-FC76-4609-922D-A0E0377A73C1}IMG100.JPG,Court,Tracy Wolff,"Tantor Media, Inc.",9781705276464,"October 01, 2022 20:59",Borrowed, 21 days ,Spokane Public Library
https://img1.od-cdn.com/ImageType-100/1219-1/{2A8E1816-FC76-4609-922D-A0E0377A73C1}IMG100.JPG,Court,Tracy Wolff,"Tantor Media, Inc.",9781705276464,"September 29, 2022 20:37",Placed on hold,"",Spokane Public Library
https://img1.od-cdn.com/ImageType-100/1219-1/{6DD9C963-FFD8-4D1B-AAE4-79C8813A1CD4}Img100.jpg,Covet,Tracy Wolff,"Tantor Media, Inc.",9781705219645,"September 29, 2022 20:37",Borrowed, 21 days ,Spokane Public Library
https://img1.od-cdn.com/ImageType-100/1219-1/{2A8E1816-FC76-4609-922D-A0E0377A73C1}IMG100.JPG,Court,Tracy Wolff,"Tantor Media, Inc.",9781705276464,"September 29, 2022 20:36",Returned, 9 days  early,Spokane Public Library
https://img1.od-cdn.com/ImageType-100/1219-1/{6DD9C963-FFD8-4D1B-AAE4-79C8813A1CD4}Img100.jpg,Covet,Tracy Wolff,"Tantor Media, Inc.",9781705219645,"September 29, 2022 20:36",Returned, 8 days  early,Spokane Public Library
https://img1.od-cdn.com/ImageType-100/1191-1/{D9B7175A-C3F7-4C94-96AF-9E9EE6FA595E}Img100.jpg,The Final Girl Support Group,Grady Hendrix,Books on Tape,9780593410035,"September 29, 2022 20:33",Borrowed, 21 days ,Spokane Public Library
https://img1.od-cdn.com/ImageType-100/1523-1/{34885D6E-CC4F-4C1D-8ED1-8B23D0807BC4}Img100.jpg,The Final Girl Support Group,Grady Hendrix,Penguin Publishing Group,9780593201251,"September 26, 2022 21:47",Placed on hold,"",Spokane Public Library
https://img1.od-cdn.com/ImageType-100/1191-1/{D9B7175A-C3F7-4C94-96AF-9E9EE6FA595E}Img100.jpg,The Final Girl Support Group,Grady Hendrix,Books on Tape,9780593410035,"September 26, 2022 21:47",Placed on hold,"",Spokane Public Library
https://img1.od-cdn.com/ImageType-100/1219-1/{5F259804-BCE3-42D9-A374-1D18FAEA34B3}Img100.jpg,"Harry, a History",Melissa Anelli,"Tantor Media, Inc.",9781400181629,"September 23, 2022 15:23",Borrowed, 21 days ,Spokane Public Library
https://img1.od-cdn.com/ImageType-100/0293-1/{8809BC36-EB29-4964-B022-D2A68D9F3445}IMG100.JPG,The Poppy War,R. F. Kuang,HarperAudio,9780062848789,"September 23, 2022 15:22",Borrowed, 21 days ,Spokane Public Library
https://img1.od-cdn.com/ImageType-100/5054-1/{8A6C7499-FC93-4ACB-A72E-FF3A85DED1A6}IMG100.JPG,I'm Glad My Mom Died,Jennette McCurdy,Simon & Schuster Audio,9781797147949,"September 23, 2022 04:12",Placed on hold,"",Spokane Public Library
https://img1.od-cdn.com/ImageType-100/1837-1/{484A05C8-0A4E-4D28-B7C9-0DDCFD2C77B8}Img100.jpg,Ballad of Songbirds and Snakes,Suzanne Collins,Scholastic Inc.,9781338635201,"September 22, 2022 18:40",Returned, 10 days  early,Spokane Public Library
https://img1.od-cdn.com/ImageType-100/1219-1/{D8605BF8-EEFF-4F8E-9FC4-D19E0DAE1653}Img100.jpg,The Neverending Story,Michael Ende,"Tantor Media, Inc.","","September 21, 2022 04:48",renew,"",Spokane Public Library
https://img1.od-cdn.com/ImageType-100/1219-1/{2A8E1816-FC76-4609-922D-A0E0377A73C1}IMG100.JPG,Court,Tracy Wolff,"Tantor Media, Inc.",9781705276464,"September 18, 2022 14:50",Borrowed, 21 days ,Spokane Public Library
https://img1.od-cdn.com/ImageType-100/1219-1/{02EF0750-A967-493C-AA14-B292C33C1DC3}Img100.jpg,Crush,Tracy Wolff,"Tantor Media, Inc.",9781705219621,"September 16, 2022 20:56",Borrowed, 21 days ,Spokane Public Library
https://img1.od-cdn.com/ImageType-100/1219-1/{2E788F69-82E8-4A42-B902-A8A896D49D2E}Img100.jpg,Crave,Tracy Wolff,"Tantor Media, Inc.",9781705219607,"September 16, 2022 20:56",Borrowed, 21 days ,Spokane Public Library
https://img1.od-cdn.com/ImageType-100/1219-1/{6DD9C963-FFD8-4D1B-AAE4-79C8813A1CD4}Img100.jpg,Covet,Tracy Wolff,"Tantor Media, Inc.",9781705219645,"September 16, 2022 20:55",Borrowed, 21 days ,Spokane Public Library
https://img1.od-cdn.com/ImageType-100/1219-1/{2A8E1816-FC76-4609-922D-A0E0377A73C1}IMG100.JPG,Court,Tracy Wolff,"Tantor Media, Inc.",9781705276464,"September 16, 2022 20:55",Placed on hold,"",Spokane Public Library
https://img1.od-cdn.com/ImageType-100/1837-1/{484A05C8-0A4E-4D28-B7C9-0DDCFD2C77B8}Img100.jpg,Ballad of Songbirds and Snakes,Suzanne Collins,Scholastic Inc.,9781338635201,"September 11, 2022 20:41",Borrowed, 21 days ,Spokane Public Library
https://img1.od-cdn.com/ImageType-100/2389-1/{6A600B7A-AFDA-4F0F-A32C-5BE178267B0E}Img100.jpg,Pride and Prejudice,Jane Austen,Duke Classics,"","September 11, 2022 20:40",Borrowed, 21 days ,Spokane Public Library
https://img1.od-cdn.com/ImageType-100/1493-1/{C80F4803-3755-45C4-AFBD-68175C4A6C3D}Img100.jpg,Reckless Girls,Rachel Hawkins,Macmillan Audio,9781250835581,"September 11, 2022 19:21",Returned, 4 days  early,Spokane Public Library
https://img1.od-cdn.com/ImageType-100/1219-1/{2A8E1816-FC76-4609-922D-A0E0377A73C1}IMG100.JPG,Court,Tracy Wolff,"Tantor Media, Inc.",9781705276464,"September 10, 2022 00:26",Returned, 1 day  early,Spokane Public Library
https://img1.od-cdn.com/ImageType-100/1219-1/{6DD9C963-FFD8-4D1B-AAE4-79C8813A1CD4}Img100.jpg,Covet,Tracy Wolff,"Tantor Media, Inc.",9781705219645,"September 10, 2022 00:26",Returned, 1 day  early,Spokane Public Library
https://img1.od-cdn.com/ImageType-100/1219-1/{2E788F69-82E8-4A42-B902-A8A896D49D2E}Img100.jpg,Crave,Tracy Wolff,"Tantor Media, Inc.",9781705219607,"September 03, 2022 04:21",Returned, 2 days  early,Spokane Public Library
https://img1.od-cdn.com/ImageType-100/1219-1/{D8605BF8-EEFF-4F8E-9FC4-D19E0DAE1653}Img100.jpg,The Neverending Story,Michael Ende,"Tantor Media, Inc.","","September 03, 2022 04:21",Borrowed, 21 days ,Spokane Public Library
https://img1.od-cdn.com/ImageType-100/1219-1/{2E788F69-82E8-4A42-B902-A8A896D49D2E}Img100.jpg,Crave,Tracy Wolff,"Tantor Media, Inc.",9781705219607,"September 03, 2022 04:21",Placed on hold,"",Spokane Public Library
https://img1.od-cdn.com/ImageType-100/1493-1/{AE68A4DA-51F8-4BE3-B978-4F7E56D3A775}Img100.jpg,The Atlas Six,Olivie Blake,Macmillan Audio,9781250860460,"August 31, 2022 01:36",Returned, 2 days  early,Spokane Public Library
https://img1.od-cdn.com/ImageType-100/1219-1/{D8605BF8-EEFF-4F8E-9FC4-D19E0DAE1653}Img100.jpg,The Neverending Story,Michael Ende,"Tantor Media, Inc.","","August 31, 2022 01:36",Returned, 2 days  early,Spokane Public Library
https://img1.od-cdn.com/ImageType-100/1219-1/{D8605BF8-EEFF-4F8E-9FC4-D19E0DAE1653}Img100.jpg,The Neverending Story,Michael Ende,"Tantor Media, Inc.","","August 31, 2022 01:36",Placed on hold,"",Spokane Public Library
https://img1.od-cdn.com/ImageType-100/1493-1/{C80F4803-3755-45C4-AFBD-68175C4A6C3D}Img100.jpg,Reckless Girls,Rachel Hawkins,Macmillan Audio,9781250835581,"August 26, 2022 02:43",Borrowed, 21 days ,Spokane Public Library
https://img1.od-cdn.com/ImageType-100/2183-1/{0BF98E6F-A7E0-4127-9DE6-F37C0F147C7D}IMG100.JPG,Kingdom of Ash,Sarah J. Maas,Bloomsbury Publishing,9781619636118,"August 24, 2022 02:16",Placed on hold,"",Spokane Public Library
https://img1.od-cdn.com/ImageType-100/0439-1/{5B6BB9CD-6C46-4ABB-9508-91909391AE03}Img100.jpg,This Is How You Lose the Time War,"Amal El-Mohtar, Max Gladstone",Gallery / Saga Press,9781534431010,"August 24, 2022 02:14",Returned, 20 days  early,Spokane Public Library
https://img1.od-cdn.com/ImageType-100/0439-1/{5B6BB9CD-6C46-4ABB-9508-91909391AE03}Img100.jpg,This Is How You Lose the Time War,"Amal El-Mohtar, Max Gladstone",Gallery / Saga Press,9781534431010,"August 24, 2022 02:13",Borrowed, 21 days ,Spokane Public Library
https://img1.od-cdn.com/ImageType-100/1191-1/{B2DBD657-2223-4221-A0A1-8DBC9EDBAB51}Img100.jpg,Inheritance,Christopher Paolini,Books on Tape,9780739372494,"August 24, 2022 02:13",Returned, 8 days  early,Spokane Public Library
https://img1.od-cdn.com/ImageType-100/1191-1/{46839368-0F48-40BC-B80B-34CE507E9409}Img100.jpg,Eldest,Christopher Paolini,Books on Tape,9780739338582,"August 24, 2022 02:13",Returned, 1 day  early,Spokane Public Library
https://img1.od-cdn.com/ImageType-100/0293-1/{B8909201-82ED-469F-8371-5D0AAA679F4D}Img100.jpg,War Storm,Victoria Aveyard,HarperCollins,9780062841704,"August 24, 2022 02:12",Returned, 3 days  early,Spokane Public Library
https://img1.od-cdn.com/ImageType-100/1191-1/{6FDDBB54-9FE0-4C80-8E38-4035EB0DF636}Img100.jpg,"My Sister, the Serial Killer",Oyinkan Braithwaite,Books on Tape,9780525643289,"August 21, 2022 14:49",Returned, 16 days  early,Spokane Public Library
https://img1.od-cdn.com/ImageType-100/1219-1/{2A8E1816-FC76-4609-922D-A0E0377A73C1}IMG100.JPG,Court,Tracy Wolff,"Tantor Media, Inc.",9781705276464,"August 21, 2022 14:49",Borrowed, 21 days ,Spokane Public Library
https://img1.od-cdn.com/ImageType-100/1219-1/{6DD9C963-FFD8-4D1B-AAE4-79C8813A1CD4}Img100.jpg,Covet,Tracy Wolff,"Tantor Media, Inc.",9781705219645,"August 21, 2022 14:49",Borrowed, 21 days ,Spokane Public Library
https://img1.od-cdn.com/ImageType-100/1219-1/{02EF0750-A967-493C-AA14-B292C33C1DC3}Img100.jpg,Crush,Tracy Wolff,"Tantor Media, Inc.",9781705219621,"August 21, 2022 14:48",Placed on hold,"",Spokane Public Library
https://img1.od-cdn.com/ImageType-100/1191-1/{6FDDBB54-9FE0-4C80-8E38-4035EB0DF636}Img100.jpg,"My Sister, the Serial Killer",Oyinkan Braithwaite,Books on Tape,9780525643289,"August 16, 2022 16:53",renew,"",Spokane Public Library
https://img1.od-cdn.com/ImageType-100/1219-1/{2E788F69-82E8-4A42-B902-A8A896D49D2E}Img100.jpg,Crave,Tracy Wolff,"Tantor Media, Inc.",9781705219607,"August 16, 2022 02:11",Borrowed, 21 days ,Spokane Public Library
https://img1.od-cdn.com/ImageType-100/1493-1/{DF111916-863C-4EA8-82C8-D2FF21895AEB}Img100.jpg,Book of Night,Holly Black,Macmillan Audio,9781250850133,"August 15, 2022 18:24",Returned, 12 days  early,Spokane Public Library
https://img1.od-cdn.com/ImageType-100/0293-1/{8809BC36-EB29-4964-B022-D2A68D9F3445}IMG100.JPG,The Poppy War,R. F. Kuang,HarperAudio,9780062848789,"August 15, 2022 18:23",Returned, 1 day  early,Spokane Public Library
https://img1.od-cdn.com/ImageType-100/0293-1/{8809BC36-EB29-4964-B022-D2A68D9F3445}IMG100.JPG,The Poppy War,R. F. Kuang,HarperAudio,9780062848789,"August 15, 2022 18:23",Placed on hold,"",Spokane Public Library
https://img1.od-cdn.com/ImageType-100/1493-1/{AE68A4DA-51F8-4BE3-B978-4F7E56D3A775}Img100.jpg,The Atlas Six,Olivie Blake,Macmillan Audio,9781250860460,"August 12, 2022 17:08",Borrowed, 21 days ,Spokane Public Library
https://img1.od-cdn.com/ImageType-100/1219-1/{D8605BF8-EEFF-4F8E-9FC4-D19E0DAE1653}Img100.jpg,The Neverending Story,Michael Ende,"Tantor Media, Inc.","","August 12, 2022 04:10",Borrowed, 21 days ,Spokane Public Library
https://img1.od-cdn.com/ImageType-100/1219-1/{02EF0750-A967-493C-AA14-B292C33C1DC3}Img100.jpg,Crush,Tracy Wolff,"Tantor Media, Inc.",9781705219621,"August 11, 2022 21:42",Returned, 6 days  early,Spokane Public Library
https://img1.od-cdn.com/ImageType-100/0887-1/{22E6129F-7619-48D4-B55B-492885C66581}Img100.jpg,The Cruel Prince,Holly Black,Hachette Audio,9781478923749,"August 11, 2022 21:41",Returned, 3 days  early,Spokane Public Library
https://img1.od-cdn.com/ImageType-100/1191-1/{B2DBD657-2223-4221-A0A1-8DBC9EDBAB51}Img100.jpg,Inheritance,Christopher Paolini,Books on Tape,9780739372494,"August 11, 2022 21:41",Borrowed, 21 days ,Spokane Public Library
https://img1.od-cdn.com/ImageType-100/1837-1/{484A05C8-0A4E-4D28-B7C9-0DDCFD2C77B8}Img100.jpg,Ballad of Songbirds and Snakes,Suzanne Collins,Scholastic Inc.,9781338635201,"August 06, 2022 19:12",Returned, 3 days  early,Spokane Public Library
https://img1.od-cdn.com/ImageType-100/2389-1/{6A600B7A-AFDA-4F0F-A32C-5BE178267B0E}Img100.jpg,Pride and Prejudice,Jane Austen,Duke Classics,"","August 06, 2022 19:12",Returned, 3 days  early,Spokane Public Library
https://img1.od-cdn.com/ImageType-100/0293-1/{B8909201-82ED-469F-8371-5D0AAA679F4D}Img100.jpg,War Storm,Victoria Aveyard,HarperCollins,9780062841704,"August 06, 2022 19:12",renew,"",Spokane Public Library
https://img1.od-cdn.com/ImageType-100/0887-1/{5EA340CF-782F-4B9A-BCE7-1C92DC075F35}Img100.jpg,The Wicked King,Holly Black,Hachette Audio,9781549171321,"August 06, 2022 19:12",Returned, 1 day  early,Spokane Public Library
https://img1.od-cdn.com/ImageType-100/1493-1/{DF111916-863C-4EA8-82C8-D2FF21895AEB}Img100.jpg,Book of Night,Holly Black,Macmillan Audio,9781250850133,"August 06, 2022 19:11",Borrowed, 21 days ,Spokane Public Library
https://img1.od-cdn.com/ImageType-100/1493-1/{AE68A4DA-51F8-4BE3-B978-4F7E56D3A775}Img100.jpg,The Atlas Six,Olivie Blake,Macmillan Audio,9781250860460,"August 05, 2022 00:10",Placed on hold,"",Spokane Public Library
https://img1.od-cdn.com/ImageType-100/1191-1/{46839368-0F48-40BC-B80B-34CE507E9409}Img100.jpg,Eldest,Christopher Paolini,Books on Tape,9780739338582,"August 05, 2022 00:10",Borrowed, 21 days ,Spokane Public Library
https://img1.od-cdn.com/ImageType-100/1191-1/{729E9EB8-FFEE-44E3-B4EC-43F853CCFC0B}Img100.jpg,The Last Graduate,Naomi Novik,Books on Tape,9780593287439,"August 04, 2022 21:57",Returned,on due date,Spokane Public Library
https://img1.od-cdn.com/ImageType-100/1493-1/{AE68A4DA-51F8-4BE3-B978-4F7E56D3A775}Img100.jpg,The Atlas Six,Olivie Blake,Macmillan Audio,9781250860460,"August 01, 2022 20:05",Returned,on due date,Spokane Public Library
https://img1.od-cdn.com/ImageType-100/1493-1/{458001FE-0B3D-4F13-98F2-77E495D9B084}IMG100.JPG,The Invisible Life of Addie LaRue,V. E. Schwab,Macmillan Audio,9781250777959,"July 30, 2022 03:20",Returned, 4 days  early,Spokane Public Library
https://img1.od-cdn.com/ImageType-100/1191-1/{51FBBA58-7F48-45E0-92F6-1E8868971F7C}Img100.jpg,Brisingr,Christopher Paolini,Books on Tape,9780739368053,"July 30, 2022 03:20",Returned, 11 days  early,Spokane Public Library
https://img1.od-cdn.com/ImageType-100/1191-1/{46839368-0F48-40BC-B80B-34CE507E9409}Img100.jpg,Eldest,Christopher Paolini,Books on Tape,9780739338582,"July 30, 2022 03:19",Returned, 2 days  early,Spokane Public Library
https://img1.od-cdn.com/ImageType-100/1191-1/{46839368-0F48-40BC-B80B-34CE507E9409}Img100.jpg,Eldest,Christopher Paolini,Books on Tape,9780739338582,"July 30, 2022 03:19",Placed on hold,"",Spokane Public Library
https://img1.od-cdn.com/ImageType-100/1191-1/{4404B604-8D59-47E3-BFD0-CD429235E995}Img100.jpg,The Starless Sea,Erin Morgenstern,Books on Tape,9780735207882,"July 30, 2022 03:19",Returned, 2 days  early,Spokane Public Library
https://img1.od-cdn.com/ImageType-100/1191-1/{1B32D163-6220-4131-AF23-490682E44FE3}Img100.jpg,A Deadly Education,Naomi Novik,Books on Tape,9780593287415,"July 30, 2022 03:19",Returned, 2 days  early,Spokane Public Library
https://img1.od-cdn.com/ImageType-100/1191-1/{6FDDBB54-9FE0-4C80-8E38-4035EB0DF636}Img100.jpg,"My Sister, the Serial Killer",Oyinkan Braithwaite,Books on Tape,9780525643289,"July 29, 2022 04:55",Borrowed, 21 days ,Spokane Public Library
https://img1.od-cdn.com/ImageType-100/0439-1/{5B6BB9CD-6C46-4ABB-9508-91909391AE03}Img100.jpg,This Is How You Lose the Time War,"Amal El-Mohtar, Max Gladstone",Gallery / Saga Press,9781534431010,"July 29, 2022 02:45",Placed on hold,"",Spokane Public Library
https://img1.od-cdn.com/ImageType-100/1219-1/{02EF0750-A967-493C-AA14-B292C33C1DC3}Img100.jpg,Crush,Tracy Wolff,"Tantor Media, Inc.",9781705219621,"July 28, 2022 03:28",Borrowed, 21 days ,Spokane Public Library
https://img1.od-cdn.com/ImageType-100/0293-1/{8809BC36-EB29-4964-B022-D2A68D9F3445}IMG100.JPG,The Poppy War,R. F. Kuang,HarperAudio,9780062848789,"July 27, 2022 13:52",Borrowed, 21 days ,Spokane Public Library
https://img1.od-cdn.com/ImageType-100/0887-1/{22E6129F-7619-48D4-B55B-492885C66581}Img100.jpg,The Cruel Prince,Holly Black,Hachette Audio,9781478923749,"July 25, 2022 16:08",Borrowed, 21 days ,Spokane Public Library
https://img1.od-cdn.com/ImageType-100/1837-1/{484A05C8-0A4E-4D28-B7C9-0DDCFD2C77B8}Img100.jpg,Ballad of Songbirds and Snakes,Suzanne Collins,Scholastic Inc.,9781338635201,"July 20, 2022 14:44",Borrowed, 21 days ,Spokane Public Library
https://img1.od-cdn.com/ImageType-100/2389-1/{6A600B7A-AFDA-4F0F-A32C-5BE178267B0E}Img100.jpg,Pride and Prejudice,Jane Austen,Duke Classics,"","July 20, 2022 14:43",Borrowed, 21 days ,Spokane Public Library
https://img1.od-cdn.com/ImageType-100/1191-1/{51FBBA58-7F48-45E0-92F6-1E8868971F7C}Img100.jpg,Brisingr,Christopher Paolini,Books on Tape,9780739368053,"July 20, 2022 14:40",Borrowed, 21 days ,Spokane Public Library
https://img1.od-cdn.com/ImageType-100/0044-1/{4A3E40D9-688B-4BFE-8D12-4F630E822069}Img100.jpg,Mostly Dead Things,Kristen Arnett,Tin House Books,9781947793316,"July 18, 2022 15:30",Placed on hold,"",Spokane Public Library
https://img1.od-cdn.com/ImageType-100/0293-1/{B8909201-82ED-469F-8371-5D0AAA679F4D}Img100.jpg,War Storm,Victoria Aveyard,HarperCollins,9780062841704,"July 18, 2022 15:28",Borrowed, 21 days ,Spokane Public Library
https://img1.od-cdn.com/ImageType-100/0887-1/{5EA340CF-782F-4B9A-BCE7-1C92DC075F35}Img100.jpg,The Wicked King,Holly Black,Hachette Audio,9781549171321,"July 18, 2022 01:34",Borrowed, 21 days ,Spokane Public Library
https://img1.od-cdn.com/ImageType-100/0887-1/{5EA340CF-782F-4B9A-BCE7-1C92DC075F35}Img100.jpg,The Wicked King,Holly Black,Hachette Audio,9781549171321,"July 18, 2022 01:33",Returned, 20 days  early,Spokane Public Library
https://img1.od-cdn.com/ImageType-100/0887-1/{5EA340CF-782F-4B9A-BCE7-1C92DC075F35}Img100.jpg,The Wicked King,Holly Black,Hachette Audio,9781549171321,"July 18, 2022 01:33",Borrowed, 21 days ,Spokane Public Library
https://img1.od-cdn.com/ImageType-100/1191-1/{729E9EB8-FFEE-44E3-B4EC-43F853CCFC0B}Img100.jpg,The Last Graduate,Naomi Novik,Books on Tape,9780593287439,"July 14, 2022 21:57",Borrowed, 21 days ,Spokane Public Library
https://img1.od-cdn.com/ImageType-100/1493-1/{458001FE-0B3D-4F13-98F2-77E495D9B084}IMG100.JPG,The Invisible Life of Addie LaRue,V. E. Schwab,Macmillan Audio,9781250777959,"July 14, 2022 01:03",Borrowed, 21 days ,Spokane Public Library
https://img1.od-cdn.com/ImageType-100/1493-1/{AE68A4DA-51F8-4BE3-B978-4F7E56D3A775}Img100.jpg,The Atlas Six,Olivie Blake,Macmillan Audio,9781250860460,"July 11, 2022 20:05",Borrowed, 21 days ,Spokane Public Library
https://img1.od-cdn.com/ImageType-100/1191-1/{1B32D163-6220-4131-AF23-490682E44FE3}Img100.jpg,A Deadly Education,Naomi Novik,Books on Tape,9780593287415,"July 11, 2022 04:48",Borrowed, 21 days ,Spokane Public Library
https://img1.od-cdn.com/ImageType-100/1219-1/{6DD9C963-FFD8-4D1B-AAE4-79C8813A1CD4}Img100.jpg,Covet,Tracy Wolff,"Tantor Media, Inc.",9781705219645,"July 11, 2022 04:48",Returned, 20 days  early,Spokane Public Library
https://img1.od-cdn.com/ImageType-100/1219-1/{6DD9C963-FFD8-4D1B-AAE4-79C8813A1CD4}Img100.jpg,Covet,Tracy Wolff,"Tantor Media, Inc.",9781705219645,"July 11, 2022 04:48",Borrowed, 21 days ,Spokane Public Library
https://img1.od-cdn.com/ImageType-100/1219-1/{2A8E1816-FC76-4609-922D-A0E0377A73C1}IMG100.JPG,Court,Tracy Wolff,"Tantor Media, Inc.",9781705276464,"July 11, 2022 04:48",Placed on hold,"",Spokane Public Library
https://img1.od-cdn.com/ImageType-100/1219-1/{02EF0750-A967-493C-AA14-B292C33C1DC3}Img100.jpg,Crush,Tracy Wolff,"Tantor Media, Inc.",9781705219621,"July 11, 2022 04:47",Placed on hold,"",Spokane Public Library
https://img1.od-cdn.com/ImageType-100/1191-1/{4404B604-8D59-47E3-BFD0-CD429235E995}Img100.jpg,The Starless Sea,Erin Morgenstern,Books on Tape,9780735207882,"July 11, 2022 04:47",Borrowed, 21 days ,Spokane Public Library
https://img1.od-cdn.com/ImageType-100/1493-1/{AE68A4DA-51F8-4BE3-B978-4F7E56D3A775}Img100.jpg,The Atlas Six,Olivie Blake,Macmillan Audio,9781250860460,"July 11, 2022 04:46",Placed on hold,"",Spokane Public Library
https://img1.od-cdn.com/ImageType-100/1219-1/{2E788F69-82E8-4A42-B902-A8A896D49D2E}Img100.jpg,Crave,Tracy Wolff,"Tantor Media, Inc.",9781705219607,"July 11, 2022 04:46",Placed on hold,"",Spokane Public Library
https://img1.od-cdn.com/ImageType-100/1493-1/{DF111916-863C-4EA8-82C8-D2FF21895AEB}Img100.jpg,Book of Night,Holly Black,Macmillan Audio,9781250850133,"July 11, 2022 04:46",Placed on hold,"",Spokane Public Library
https://img1.od-cdn.com/ImageType-100/1493-1/{458001FE-0B3D-4F13-98F2-77E495D9B084}IMG100.JPG,The Invisible Life of Addie LaRue,V. E. Schwab,Macmillan Audio,9781250777959,"July 11, 2022 04:45",Placed on hold,"",Spokane Public Library
https://img1.od-cdn.com/ImageType-100/1191-1/{B2DBD657-2223-4221-A0A1-8DBC9EDBAB51}Img100.jpg,Inheritance,Christopher Paolini,Books on Tape,9780739372494,"July 11, 2022 04:44",Placed on hold,"",Spokane Public Library
https://img1.od-cdn.com/ImageType-100/1191-1/{51FBBA58-7F48-45E0-92F6-1E8868971F7C}Img100.jpg,Brisingr,Christopher Paolini,Books on Tape,9780739368053,"July 11, 2022 04:43",Placed on hold,"",Spokane Public Library
https://img1.od-cdn.com/ImageType-100/1191-1/{46839368-0F48-40BC-B80B-34CE507E9409}Img100.jpg,Eldest,Christopher Paolini,Books on Tape,9780739338582,"July 11, 2022 04:43",Borrowed, 21 days ,Spokane Public Library
https://img1.od-cdn.com/ImageType-100/0887-1/{EAEBBB06-1025-4535-AC04-9D85007D4A1B}Img100.jpg,The Queen of Nothing,Holly Black,Hachette Audio,9781549150173,"July 11, 2022 04:43",Placed on hold,"",Spokane Public Library
https://img1.od-cdn.com/ImageType-100/0887-1/{5EA340CF-782F-4B9A-BCE7-1C92DC075F35}Img100.jpg,The Wicked King,Holly Black,Hachette Audio,9781549171321,"July 11, 2022 04:43",Placed on hold,"",Spokane Public Library
https://img1.od-cdn.com/ImageType-100/0887-1/{22E6129F-7619-48D4-B55B-492885C66581}Img100.jpg,The Cruel Prince,Holly Black,Hachette Audio,9781478923749,"July 11, 2022 04:43",Placed on hold,"",Spokane Public Library
https://img1.od-cdn.com/ImageType-100/0293-1/{B8909201-82ED-469F-8371-5D0AAA679F4D}Img100.jpg,War Storm,Victoria Aveyard,HarperCollins,9780062841704,"July 11, 2022 04:42",Placed on hold,"",Spokane Public Library
https://img1.od-cdn.com/ImageType-100/0293-1/{8809BC36-EB29-4964-B022-D2A68D9F3445}IMG100.JPG,The Poppy War,R. F. Kuang,HarperAudio,9780062848789,"July 11, 2022 04:42",Placed on hold,"",Spokane Public Library
https://img1.od-cdn.com/ImageType-100/1191-1/{42A64C8A-9DC4-4CBB-8839-AB1AF65F900E}Img100.jpg,Cry Wolf,Patricia Briggs,Books on Tape,9781429526609,"July 09, 2022 03:55",Returned, 11 days  early,Spokane Public Library
https://img1.od-cdn.com/ImageType-100/1191-1/{2781587F-F7CE-450C-A915-FB2C6FE8E1A1}Img100.jpg,Book Lovers,Emily Henry,Books on Tape,9780593553770,"July 09, 2022 03:54",Returned, 8 days  early,Spokane Public Library
https://img1.od-cdn.com/ImageType-100/4575-1/{9A59320F-2DA7-499F-B98F-2C56A5FC5BB2}IMG100.JPG,Blood of Elves,Andrzej Sapkowski,Hachette Audio,9781478904724,"July 09, 2022 03:54",Returned, 2 days  early,Spokane Public Library
https://img1.od-cdn.com/ImageType-100/1191-1/{1B32D163-6220-4131-AF23-490682E44FE3}Img100.jpg,A Deadly Education,Naomi Novik,Books on Tape,9780593287415,"July 09, 2022 03:54",Returned, 1 day  early,Spokane Public Library
https://img1.od-cdn.com/ImageType-100/1191-1/{729E9EB8-FFEE-44E3-B4EC-43F853CCFC0B}Img100.jpg,The Last Graduate,Naomi Novik,Books on Tape,9780593287439,"July 09, 2022 03:54",Returned, 1 day  early,Spokane Public Library
https://img1.od-cdn.com/ImageType-100/1191-1/{753D2D30-BB5A-4468-B0AE-D1A41C246E3C}Img100.jpg,Kill the Farm Boy,"Kevin Hearne, Delilah S. Dawson",Books on Tape,9780525593669,"July 09, 2022 03:54",Returned, 13 hours  early,Spokane Public Library
https://img1.od-cdn.com/ImageType-100/4575-1/{939047A6-52C9-4F45-A152-74F370A20013}IMG100.JPG,Sword of Destiny,Andrzej Sapkowski,Hachette Audio,9781478934912,"July 09, 2022 03:52",Returned,on due date,Spokane Public Library
https://img1.od-cdn.com/ImageType-100/4575-1/{29C49BBB-A942-43B4-8BD9-32CDD49097A7}IMG100.JPG,The Time of Contempt,Andrzej Sapkowski,Hachette Audio,9781478904731,"July 08, 2022 17:39",Returned,on due date,Spokane Public Library
https://img1.od-cdn.com/ImageType-100/1493-1/{AE68A4DA-51F8-4BE3-B978-4F7E56D3A775}Img100.jpg,The Atlas Six,Olivie Blake,Macmillan Audio,9781250860460,"July 07, 2022 02:24",Returned,on due date,Spokane Public Library
https://img1.od-cdn.com/ImageType-100/1191-1/{46839368-0F48-40BC-B80B-34CE507E9409}Img100.jpg,Eldest,Christopher Paolini,Books on Tape,9780739338582,"July 07, 2022 00:51",Returned,on due date,Spokane Public Library
https://img1.od-cdn.com/ImageType-100/0293-1/{16A53EF9-9604-4190-BFD9-EC45DD82FEB0}Img100.jpg,King's Cage,Victoria Aveyard,HarperTeen,9780062656681,"July 05, 2022 04:14",Returned, 11 days  early,Spokane Public Library
https://img1.od-cdn.com/ImageType-100/0111-1/{44D53B09-70BB-48B2-A746-D4C0846B7F97}Img100.jpg,Brisingr,Christopher Paolini,Random House Children's Books,9780375891410,"July 03, 2022 15:28",Returned, 4 days  early,Spokane Public Library
https://img1.od-cdn.com/ImageType-100/1191-1/{B2DBD657-2223-4221-A0A1-8DBC9EDBAB51}Img100.jpg,Inheritance,Christopher Paolini,Books on Tape,9780739372494,"July 03, 2022 15:26",Returned, 3 days  early,Spokane Public Library
https://img1.od-cdn.com/ImageType-100/0293-1/{D116B3F2-4625-470C-A176-96C43E44F05B}Img100.jpg,King's Cage,Victoria Aveyard,HarperCollins,9780062310712,"July 01, 2022 19:24",Returned, 6 days  early,Spokane Public Library
https://img1.od-cdn.com/ImageType-100/0293-1/{62F13E30-3EDF-41E4-8F52-5D4612F07B3D}Img100.jpg,War Storm,Victoria Aveyard,HarperCollins,9780062423016,"July 01, 2022 19:23",Returned, 6 days  early,Spokane Public Library
https://img1.od-cdn.com/ImageType-100/0293-1/{B8909201-82ED-469F-8371-5D0AAA679F4D}Img100.jpg,War Storm,Victoria Aveyard,HarperCollins,9780062841704,"July 01, 2022 19:23",Borrowed, 21 days ,Spokane Public Library
https://img1.od-cdn.com/ImageType-100/1219-1/{2E788F69-82E8-4A42-B902-A8A896D49D2E}Img100.jpg,Crave,Tracy Wolff,"Tantor Media, Inc.",9781705219607,"June 30, 2022 22:48",Returned, 2 days  early,Spokane Public Library
https://img1.od-cdn.com/ImageType-100/1219-1/{2E788F69-82E8-4A42-B902-A8A896D49D2E}Img100.jpg,Crave,Tracy Wolff,"Tantor Media, Inc.",9781705219607,"June 30, 2022 22:48",Placed on hold,"",Spokane Public Library
https://img1.od-cdn.com/ImageType-100/1694-1/{5818095B-AA29-4976-BBF5-DE5CD401E66B}IMG100.JPG,When He Was Wicked,Julia Quinn,"Recorded Books, Inc.",9781980088042,"June 29, 2022 16:26",Returned, 10 days  early,Spokane Public Library
https://img1.od-cdn.com/ImageType-100/1694-1/{C436991C-C679-4E7B-92E8-0751ABC88EB2}IMG100.JPG,On the Way to the Wedding,Julia Quinn,"Recorded Books, Inc.",9781980088028,"June 29, 2022 16:26",Returned, 8 days  early,Spokane Public Library
https://img1.od-cdn.com/ImageType-100/1694-1/{081A6FD0-4A94-42EF-85A9-E6A23110F414}IMG100.JPG,The Viscount Who Loved Me,Julia Quinn,"Recorded Books, Inc.",9781501940781,"June 29, 2022 16:26",Returned, 10 days  early,Spokane Public Library
https://img1.od-cdn.com/ImageType-100/1694-1/{6925CDDB-7ACA-4734-8978-AF9DADEB2145}IMG100.JPG,An Offer from a Gentleman,Julia Quinn,"Recorded Books, Inc.",9781501946127,"June 29, 2022 16:26",Returned, 13 days  early,Spokane Public Library
https://img1.od-cdn.com/ImageType-100/1694-1/{FEFBF396-6700-4D5B-9A53-CF6FAE5C08BD}IMG100.JPG,Romancing Mister Bridgerton,Julia Quinn,"Recorded Books, Inc.",9781501955846,"June 29, 2022 16:26",Returned, 12 days  early,Spokane Public Library
https://img1.od-cdn.com/ImageType-100/1191-1/{42A64C8A-9DC4-4CBB-8839-AB1AF65F900E}Img100.jpg,Cry Wolf,Patricia Briggs,Books on Tape,9781429526609,"June 29, 2022 16:25",renew,"",Spokane Public Library
https://img1.od-cdn.com/ImageType-100/0887-1/{EAEBBB06-1025-4535-AC04-9D85007D4A1B}Img100.jpg,The Queen of Nothing,Holly Black,Hachette Audio,9781549150173,"June 29, 2022 16:25",Borrowed, 21 days ,Spokane Public Library
https://img1.od-cdn.com/ImageType-100/1493-1/{DF111916-863C-4EA8-82C8-D2FF21895AEB}Img100.jpg,Book of Night,Holly Black,Macmillan Audio,9781250850133,"June 29, 2022 16:24",Borrowed, 21 days ,Spokane Public Library
https://img1.od-cdn.com/ImageType-100/0293-1/{B8909201-82ED-469F-8371-5D0AAA679F4D}Img100.jpg,War Storm,Victoria Aveyard,HarperCollins,9780062841704,"June 28, 2022 14:29",Returned, 1 day  early,Spokane Public Library
https://img1.od-cdn.com/ImageType-100/0293-1/{B8909201-82ED-469F-8371-5D0AAA679F4D}Img100.jpg,War Storm,Victoria Aveyard,HarperCollins,9780062841704,"June 28, 2022 14:29",Placed on hold,"",Spokane Public Library
https://img1.od-cdn.com/ImageType-100/0293-1/{D1C2CBE7-A4FF-4DB8-AC13-240CE0C085C7}Img100.jpg,Glass Sword,Victoria Aveyard,HarperCollins,9780062310682,"June 26, 2022 23:00",Returned, 11 days  early,Spokane Public Library
https://img1.od-cdn.com/ImageType-100/0293-1/{F7788CF5-59D3-46E3-9C93-713BF6E0A7DD}Img100.jpg,Glass Sword,Victoria Aveyard,HarperTeen,9780062417305,"June 26, 2022 23:00",Returned, 17 days  early,Spokane Public Library
https://img1.od-cdn.com/ImageType-100/1191-1/{2781587F-F7CE-450C-A915-FB2C6FE8E1A1}Img100.jpg,Book Lovers,Emily Henry,Books on Tape,9780593553770,"June 26, 2022 22:06",Borrowed, 21 days ,Spokane Public Library
https://img1.od-cdn.com/ImageType-100/0887-1/{EAEBBB06-1025-4535-AC04-9D85007D4A1B}Img100.jpg,The Queen of Nothing,Holly Black,Hachette Audio,9781549150173,"June 26, 2022 22:06",Placed on hold,"",Spokane Public Library
https://img1.od-cdn.com/ImageType-100/0887-1/{5EA340CF-782F-4B9A-BCE7-1C92DC075F35}Img100.jpg,The Wicked King,Holly Black,Hachette Audio,9781549171321,"June 26, 2022 22:06",Placed on hold,"",Spokane Public Library
https://img1.od-cdn.com/ImageType-100/0887-1/{22E6129F-7619-48D4-B55B-492885C66581}Img100.jpg,The Cruel Prince,Holly Black,Hachette Audio,9781478923749,"June 26, 2022 22:05",Borrowed, 21 days ,Spokane Public Library
https://img1.od-cdn.com/ImageType-100/0293-1/{16A53EF9-9604-4190-BFD9-EC45DD82FEB0}Img100.jpg,King's Cage,Victoria Aveyard,HarperTeen,9780062656681,"June 25, 2022 23:45",Borrowed, 21 days ,Spokane Public Library
https://img1.od-cdn.com/ImageType-100/1219-1/{379729DC-D3C3-4378-9108-7B27D40F1913}Img100.jpg,A Touch of Darkness,Scarlett St. Clair,"Tantor Media, Inc.",9781705234020,"June 23, 2022 23:00",Returned,on due date,Spokane Public Library
https://img1.od-cdn.com/ImageType-100/0293-1/{F7788CF5-59D3-46E3-9C93-713BF6E0A7DD}Img100.jpg,Glass Sword,Victoria Aveyard,HarperTeen,9780062417305,"June 23, 2022 15:00",Borrowed, 21 days ,Spokane Public Library
https://img1.od-cdn.com/ImageType-100/1694-1/{6925CDDB-7ACA-4734-8978-AF9DADEB2145}IMG100.JPG,An Offer from a Gentleman,Julia Quinn,"Recorded Books, Inc.",9781501946127,"June 21, 2022 18:10",Borrowed, 21 days ,Spokane Public Library
https://img1.od-cdn.com/ImageType-100/0017-1/{F9AECE81-53DF-40E2-976E-6F2403C58972}IMG100.JPG,Sword of Destiny,Andrzej Sapkowski,Orbit,9780316389716,"June 21, 2022 05:21",Returned, 18 days  early,Spokane Public Library
https://img1.od-cdn.com/ImageType-100/1191-1/{D41A57F6-B12D-408F-9EF1-7E96D31AA72B}Img100.jpg,Eragon,Christopher Paolini,Books on Tape,9780807219645,"June 20, 2022 23:09",Returned, 16 hours  early,Spokane Public Library
https://img1.od-cdn.com/ImageType-100/1694-1/{FEFBF396-6700-4D5B-9A53-CF6FAE5C08BD}IMG100.JPG,Romancing Mister Bridgerton,Julia Quinn,"Recorded Books, Inc.",9781501955846,"June 20, 2022 19:16",Borrowed, 21 days ,Spokane Public Library
https://img1.od-cdn.com/ImageType-100/4575-1/{9A59320F-2DA7-499F-B98F-2C56A5FC5BB2}IMG100.JPG,Blood of Elves,Andrzej Sapkowski,Hachette Audio,9781478904724,"June 20, 2022 15:59",Borrowed, 21 days ,Spokane Public Library
https://img1.od-cdn.com/ImageType-100/1191-1/{1B32D163-6220-4131-AF23-490682E44FE3}Img100.jpg,A Deadly Education,Naomi Novik,Books on Tape,9780593287415,"June 19, 2022 18:28",Borrowed, 21 days ,Spokane Public Library
https://img1.od-cdn.com/ImageType-100/1191-1/{729E9EB8-FFEE-44E3-B4EC-43F853CCFC0B}Img100.jpg,The Last Graduate,Naomi Novik,Books on Tape,9780593287439,"June 19, 2022 18:28",Borrowed, 21 days ,Spokane Public Library
https://img1.od-cdn.com/ImageType-100/1694-1/{081A6FD0-4A94-42EF-85A9-E6A23110F414}IMG100.JPG,The Viscount Who Loved Me,Julia Quinn,"Recorded Books, Inc.",9781501940781,"June 18, 2022 19:39",Borrowed, 21 days ,Spokane Public Library
https://img1.od-cdn.com/ImageType-100/0017-1/{F9AECE81-53DF-40E2-976E-6F2403C58972}IMG100.JPG,Sword of Destiny,Andrzej Sapkowski,Orbit,9780316389716,"June 18, 2022 17:05",Borrowed, 21 days ,Spokane Public Library
https://img1.od-cdn.com/ImageType-100/1694-1/{5818095B-AA29-4976-BBF5-DE5CD401E66B}IMG100.JPG,When He Was Wicked,Julia Quinn,"Recorded Books, Inc.",9781980088042,"June 18, 2022 17:04",Borrowed, 21 days ,Spokane Public Library
https://img1.od-cdn.com/ImageType-100/1191-1/{753D2D30-BB5A-4468-B0AE-D1A41C246E3C}Img100.jpg,Kill the Farm Boy,"Kevin Hearne, Delilah S. Dawson",Books on Tape,9780525593669,"June 18, 2022 17:04",Borrowed, 21 days ,Spokane Public Library
https://img1.od-cdn.com/ImageType-100/1191-1/{C35607F8-5CFC-43C5-9918-0A7F73947168}Img100.jpg,No Country for Old Gnomes,"Kevin Hearne, Delilah S. Dawson",Books on Tape,9780525593683,"June 18, 2022 17:04",Placed on hold,"",Spokane Public Library
https://img1.od-cdn.com/ImageType-100/4575-1/{939047A6-52C9-4F45-A152-74F370A20013}IMG100.JPG,Sword of Destiny,Andrzej Sapkowski,Hachette Audio,9781478934912,"June 18, 2022 03:52",Borrowed, 21 days ,Spokane Public Library
https://img1.od-cdn.com/ImageType-100/0293-1/{E4FA8E66-895A-4359-AEEF-9FCC3126E3A3}Img100.jpg,Daughter of the Moon Goddess,Sue Lynn Tan,HarperAudio,9780063031340,"June 17, 2022 20:41",Returned, 3 days  early,Spokane Public Library
https://img1.od-cdn.com/ImageType-100/4575-1/{29C49BBB-A942-43B4-8BD9-32CDD49097A7}IMG100.JPG,The Time of Contempt,Andrzej Sapkowski,Hachette Audio,9781478904731,"June 17, 2022 17:39",renew,"",Spokane Public Library
https://img1.od-cdn.com/ImageType-100/0111-1/{44D53B09-70BB-48B2-A746-D4C0846B7F97}Img100.jpg,Brisingr,Christopher Paolini,Random House Children's Books,9780375891410,"June 17, 2022 13:05",Borrowed, 21 days ,Spokane Public Library
https://img1.od-cdn.com/ImageType-100/1694-1/{C436991C-C679-4E7B-92E8-0751ABC88EB2}IMG100.JPG,On the Way to the Wedding,Julia Quinn,"Recorded Books, Inc.",9781980088028,"June 17, 2022 03:39",Borrowed, 21 days ,Spokane Public Library
https://img1.od-cdn.com/ImageType-100/1694-1/{2F96DDAA-D3DB-4583-87D0-813683227352}IMG100.JPG,It's in His Kiss,Julia Quinn,"Recorded Books, Inc.",9781980088011,"June 17, 2022 03:39",Placed on hold,"",Spokane Public Library
https://img1.od-cdn.com/ImageType-100/1694-1/{5818095B-AA29-4976-BBF5-DE5CD401E66B}IMG100.JPG,When He Was Wicked,Julia Quinn,"Recorded Books, Inc.",9781980088042,"June 17, 2022 03:39",Placed on hold,"",Spokane Public Library
https://img1.od-cdn.com/ImageType-100/1694-1/{B60F1851-E37F-4261-AD84-74718466872B}IMG100.JPG,"To Sir Phillip, with Love",Julia Quinn,"Recorded Books, Inc.",9781501965692,"June 17, 2022 03:38",Placed on hold,"",Spokane Public Library
https://img1.od-cdn.com/ImageType-100/1694-1/{FEFBF396-6700-4D5B-9A53-CF6FAE5C08BD}IMG100.JPG,Romancing Mister Bridgerton,Julia Quinn,"Recorded Books, Inc.",9781501955846,"June 17, 2022 03:38",Placed on hold,"",Spokane Public Library
https://img1.od-cdn.com/ImageType-100/1694-1/{6925CDDB-7ACA-4734-8978-AF9DADEB2145}IMG100.JPG,An Offer from a Gentleman,Julia Quinn,"Recorded Books, Inc.",9781501946127,"June 17, 2022 03:38",Placed on hold,"",Spokane Public Library
https://img1.od-cdn.com/ImageType-100/1694-1/{081A6FD0-4A94-42EF-85A9-E6A23110F414}IMG100.JPG,The Viscount Who Loved Me,Julia Quinn,"Recorded Books, Inc.",9781501940781,"June 17, 2022 03:38",Placed on hold,"",Spokane Public Library
https://img1.od-cdn.com/ImageType-100/1694-1/{078F5C99-3ED9-4AE9-BDC2-B350643E31E2}IMG100.JPG,The Duke and I,Julia Quinn,"Recorded Books, Inc.",9781501938788,"June 17, 2022 03:38",Placed on hold,"",Spokane Public Library
https://img1.od-cdn.com/ImageType-100/1493-1/{D91B7033-FAD9-49CE-A468-BB3B950FD5D5}Img100.jpg,Dune,Frank Herbert,Macmillan Audio,9781427201447,"June 17, 2022 03:37",Placed on hold,"",Spokane Public Library
https://img1.od-cdn.com/ImageType-100/5054-1/{3ADB16B9-E0CE-48E7-9C94-F55571274428}IMG100.JPG,It Ends with Us,Colleen Hoover,Simon & Schuster Audio,9781508212690,"June 17, 2022 03:36",Placed on hold,"",Spokane Public Library
https://img1.od-cdn.com/ImageType-100/5054-1/{487C10CE-09A6-4347-B7AA-14BA30C13DC6}Img100.jpg,The Seven Husbands of Evelyn Hugo,Taylor Jenkins Reid,Simon & Schuster Audio,9781508236610,"June 17, 2022 03:36",Placed on hold,"",Spokane Public Library
https://img1.od-cdn.com/ImageType-100/0293-1/{62F13E30-3EDF-41E4-8F52-5D4612F07B3D}Img100.jpg,War Storm,Victoria Aveyard,HarperCollins,9780062423016,"June 17, 2022 02:38",Borrowed, 21 days ,Spokane Public Library
https://img1.od-cdn.com/ImageType-100/0293-1/{D116B3F2-4625-470C-A176-96C43E44F05B}Img100.jpg,King's Cage,Victoria Aveyard,HarperCollins,9780062310712,"June 17, 2022 02:38",Borrowed, 21 days ,Spokane Public Library
https://img1.od-cdn.com/ImageType-100/0293-1/{D1C2CBE7-A4FF-4DB8-AC13-240CE0C085C7}Img100.jpg,Glass Sword,Victoria Aveyard,HarperCollins,9780062310682,"June 17, 2022 02:38",Borrowed, 21 days ,Spokane Public Library
https://img1.od-cdn.com/ImageType-100/1493-1/{AE68A4DA-51F8-4BE3-B978-4F7E56D3A775}Img100.jpg,The Atlas Six,Olivie Blake,Macmillan Audio,9781250860460,"June 16, 2022 02:24",Borrowed, 21 days ,Spokane Public Library
https://img1.od-cdn.com/ImageType-100/1191-1/{B2DBD657-2223-4221-A0A1-8DBC9EDBAB51}Img100.jpg,Inheritance,Christopher Paolini,Books on Tape,9780739372494,"June 16, 2022 00:52",Borrowed, 21 days ,Spokane Public Library
https://img1.od-cdn.com/ImageType-100/0111-1/{44D53B09-70BB-48B2-A746-D4C0846B7F97}Img100.jpg,Brisingr,Christopher Paolini,Random House Children's Books,9780375891410,"June 16, 2022 00:52",Placed on hold,"",Spokane Public Library
https://img1.od-cdn.com/ImageType-100/1191-1/{51FBBA58-7F48-45E0-92F6-1E8868971F7C}Img100.jpg,Brisingr,Christopher Paolini,Books on Tape,9780739368053,"June 16, 2022 00:51",Placed on hold,"",Spokane Public Library
https://img1.od-cdn.com/ImageType-100/1191-1/{46839368-0F48-40BC-B80B-34CE507E9409}Img100.jpg,Eldest,Christopher Paolini,Books on Tape,9780739338582,"June 16, 2022 00:51",Borrowed, 21 days ,Spokane Public Library
https://img1.od-cdn.com/ImageType-100/4575-1/{379A72A9-5F2D-4E2C-B26A-C03CF2F1BFD4}IMG100.JPG,The Last Wish,Andrzej Sapkowski,Hachette Audio,9781478904717,"June 16, 2022 00:47",Returned, 2 days  early,Spokane Public Library
https://img1.od-cdn.com/ImageType-100/4575-1/{9A59320F-2DA7-499F-B98F-2C56A5FC5BB2}IMG100.JPG,Blood of Elves,Andrzej Sapkowski,Hachette Audio,9781478904724,"June 13, 2022 20:42",Placed on hold,"",Spokane Public Library
https://img1.od-cdn.com/ImageType-100/0017-1/{F9AECE81-53DF-40E2-976E-6F2403C58972}IMG100.JPG,Sword of Destiny,Andrzej Sapkowski,Orbit,9780316389716,"June 13, 2022 20:41",Placed on hold,"",Spokane Public Library
https://img1.od-cdn.com/ImageType-100/1694-1/{097FFE1F-36F3-493A-A09B-791728F2EADD}IMG100.JPG,A Court of Frost and Starlight,Sarah J. Maas,"Recorded Books, Inc.",9781501994661,"June 13, 2022 20:40",Returned, 5 days  early,Spokane Public Library
https://img1.od-cdn.com/ImageType-100/1219-1/{2E788F69-82E8-4A42-B902-A8A896D49D2E}Img100.jpg,Crave,Tracy Wolff,"Tantor Media, Inc.",9781705219607,"June 12, 2022 22:28",Borrowed, 21 days ,Spokane Public Library
https://img1.od-cdn.com/ImageType-100/1191-1/{42A64C8A-9DC4-4CBB-8839-AB1AF65F900E}Img100.jpg,Cry Wolf,Patricia Briggs,Books on Tape,9781429526609,"June 10, 2022 06:05",Borrowed, 21 days ,Spokane Public Library
https://img1.od-cdn.com/ImageType-100/0887-1/{22E6129F-7619-48D4-B55B-492885C66581}Img100.jpg,The Cruel Prince,Holly Black,Hachette Audio,9781478923749,"June 09, 2022 14:51",Placed on hold,"",Spokane Public Library
https://img1.od-cdn.com/ImageType-100/1191-1/{4404B604-8D59-47E3-BFD0-CD429235E995}Img100.jpg,The Starless Sea,Erin Morgenstern,Books on Tape,9780735207882,"June 09, 2022 14:48",Placed on hold,"",Spokane Public Library
https://img1.od-cdn.com/ImageType-100/1191-1/{42A64C8A-9DC4-4CBB-8839-AB1AF65F900E}Img100.jpg,Cry Wolf,Patricia Briggs,Books on Tape,9781429526609,"June 09, 2022 14:45",Placed on hold,"",Spokane Public Library
https://img1.od-cdn.com/ImageType-100/1191-1/{753D2D30-BB5A-4468-B0AE-D1A41C246E3C}Img100.jpg,Kill the Farm Boy,"Kevin Hearne, Delilah S. Dawson",Books on Tape,9780525593669,"June 09, 2022 14:43",Placed on hold,"",Spokane Public Library
https://img1.od-cdn.com/ImageType-100/1219-1/{2E788F69-82E8-4A42-B902-A8A896D49D2E}Img100.jpg,Crave,Tracy Wolff,"Tantor Media, Inc.",9781705219607,"June 09, 2022 14:42",Placed on hold,"",Spokane Public Library
https://img1.od-cdn.com/ImageType-100/1493-1/{DF111916-863C-4EA8-82C8-D2FF21895AEB}Img100.jpg,Book of Night,Holly Black,Macmillan Audio,9781250850133,"June 09, 2022 14:41",Placed on hold,"",Spokane Public Library
https://img1.od-cdn.com/ImageType-100/0293-1/{C9609AA3-26B1-4478-BAF8-62097449A1C0}Img100.jpg,Red Queen,Victoria Aveyard,HarperTeen,9780062346513,"June 09, 2022 06:35",Returned, 14 days  early,Spokane Public Library
https://img1.od-cdn.com/ImageType-100/0293-1/{62F13E30-3EDF-41E4-8F52-5D4612F07B3D}Img100.jpg,War Storm,Victoria Aveyard,HarperCollins,9780062423016,"June 09, 2022 06:35",Placed on hold,"",Spokane Public Library
https://img1.od-cdn.com/ImageType-100/0293-1/{B8909201-82ED-469F-8371-5D0AAA679F4D}Img100.jpg,War Storm,Victoria Aveyard,HarperCollins,9780062841704,"June 09, 2022 06:34",Borrowed, 21 days ,Spokane Public Library
https://img1.od-cdn.com/ImageType-100/0293-1/{D116B3F2-4625-470C-A176-96C43E44F05B}Img100.jpg,King's Cage,Victoria Aveyard,HarperCollins,9780062310712,"June 09, 2022 06:34",Placed on hold,"",Spokane Public Library
https://img1.od-cdn.com/ImageType-100/0293-1/{16A53EF9-9604-4190-BFD9-EC45DD82FEB0}Img100.jpg,King's Cage,Victoria Aveyard,HarperTeen,9780062656681,"June 09, 2022 06:34",Placed on hold,"",Spokane Public Library
https://img1.od-cdn.com/ImageType-100/0293-1/{D1C2CBE7-A4FF-4DB8-AC13-240CE0C085C7}Img100.jpg,Glass Sword,Victoria Aveyard,HarperCollins,9780062310682,"June 09, 2022 06:33",Placed on hold,"",Spokane Public Library
https://img1.od-cdn.com/ImageType-100/0293-1/{F7788CF5-59D3-46E3-9C93-713BF6E0A7DD}Img100.jpg,Glass Sword,Victoria Aveyard,HarperTeen,9780062417305,"June 09, 2022 06:33",Placed on hold,"",Spokane Public Library
https://img1.od-cdn.com/ImageType-100/1493-1/{1B5D1E8A-9792-4F1F-B198-3A4A231F7D98}Img100.jpg,Ninth House,Leigh Bardugo,Macmillan Audio,9781250230911,"June 07, 2022 00:46",Returned, 15 days  early,Spokane Public Library
https://img1.od-cdn.com/ImageType-100/0887-1/{71C633FA-6064-46CD-ACC2-93B6A7C1547D}Img100.jpg,Midnight Sun,Stephenie Meyer,Hachette Audio,9781549134661,"June 05, 2022 20:46",Returned, 18 days  early,Spokane Public Library
https://img1.od-cdn.com/ImageType-100/0887-1/{71C633FA-6064-46CD-ACC2-93B6A7C1547D}Img100.jpg,Midnight Sun,Stephenie Meyer,Hachette Audio,9781549134661,"June 02, 2022 23:37",Borrowed, 21 days ,Spokane Public Library
https://img1.od-cdn.com/ImageType-100/0293-1/{C9609AA3-26B1-4478-BAF8-62097449A1C0}Img100.jpg,Red Queen,Victoria Aveyard,HarperTeen,9780062346513,"June 02, 2022 23:00",Borrowed, 21 days ,Spokane Public Library
https://img1.od-cdn.com/ImageType-100/1219-1/{379729DC-D3C3-4378-9108-7B27D40F1913}Img100.jpg,A Touch of Darkness,Scarlett St. Clair,"Tantor Media, Inc.",9781705234020,"June 02, 2022 23:00",Borrowed, 21 days ,Spokane Public Library
https://img1.od-cdn.com/ImageType-100/1493-1/{1B5D1E8A-9792-4F1F-B198-3A4A231F7D98}Img100.jpg,Ninth House,Leigh Bardugo,Macmillan Audio,9781250230911,"June 01, 2022 21:19",Borrowed, 21 days ,Spokane Public Library
https://img1.od-cdn.com/ImageType-100/0293-1/{5A9ED96B-E3A1-4207-8C63-8B75BD9B39E9}Img100.jpg,Good Omens,"Neil Gaiman, Terry Pratchett",HarperAudio,9780061967078,"June 01, 2022 21:19",Returned, 17 days  early,Spokane Public Library
https://img1.od-cdn.com/ImageType-100/1191-1/{D41A57F6-B12D-408F-9EF1-7E96D31AA72B}Img100.jpg,Eragon,Christopher Paolini,Books on Tape,9780807219645,"May 31, 2022 15:45",Borrowed, 21 days ,Spokane Public Library
https://img1.od-cdn.com/ImageType-100/0293-1/{E4FA8E66-895A-4359-AEEF-9FCC3126E3A3}Img100.jpg,Daughter of the Moon Goddess,Sue Lynn Tan,HarperAudio,9780063031340,"May 30, 2022 23:00",Borrowed, 21 days ,Spokane Public Library
https://img1.od-cdn.com/ImageType-100/4575-1/{29C49BBB-A942-43B4-8BD9-32CDD49097A7}IMG100.JPG,The Time of Contempt,Andrzej Sapkowski,Hachette Audio,9781478904731,"May 30, 2022 17:33",Borrowed, 21 days ,Spokane Public Library
https://img1.od-cdn.com/ImageType-100/1694-1/{097FFE1F-36F3-493A-A09B-791728F2EADD}IMG100.JPG,A Court of Frost and Starlight,Sarah J. Maas,"Recorded Books, Inc.",9781501994661,"May 29, 2022 06:17",Borrowed, 21 days ,Spokane Public Library
https://img1.od-cdn.com/ImageType-100/4575-1/{29C49BBB-A942-43B4-8BD9-32CDD49097A7}IMG100.JPG,The Time of Contempt,Andrzej Sapkowski,Hachette Audio,9781478904731,"May 29, 2022 00:13",Placed on hold,"",Spokane Public Library
https://img1.od-cdn.com/ImageType-100/0293-1/{8809BC36-EB29-4964-B022-D2A68D9F3445}IMG100.JPG,The Poppy War,R. F. Kuang,HarperAudio,9780062848789,"May 29, 2022 00:10",Placed on hold,"",Spokane Public Library
https://img1.od-cdn.com/ImageType-100/1493-1/{1B5D1E8A-9792-4F1F-B198-3A4A231F7D98}Img100.jpg,Ninth House,Leigh Bardugo,Macmillan Audio,9781250230911,"May 29, 2022 00:09",Placed on hold,"",Spokane Public Library
https://img1.od-cdn.com/ImageType-100/1191-1/{1B32D163-6220-4131-AF23-490682E44FE3}Img100.jpg,A Deadly Education,Naomi Novik,Books on Tape,9780593287415,"May 29, 2022 00:08",Placed on hold,"",Spokane Public Library
https://img1.od-cdn.com/ImageType-100/1191-1/{D41A57F6-B12D-408F-9EF1-7E96D31AA72B}Img100.jpg,Eragon,Christopher Paolini,Books on Tape,9780807219645,"May 29, 2022 00:07",Placed on hold,"",Spokane Public Library
https://img1.od-cdn.com/ImageType-100/0293-1/{5A9ED96B-E3A1-4207-8C63-8B75BD9B39E9}Img100.jpg,Good Omens,"Neil Gaiman, Terry Pratchett",HarperAudio,9780061967078,"May 29, 2022 00:07",Borrowed, 21 days ,Spokane Public Library
https://img1.od-cdn.com/ImageType-100/1219-1/{379729DC-D3C3-4378-9108-7B27D40F1913}Img100.jpg,A Touch of Darkness,Scarlett St. Clair,"Tantor Media, Inc.",9781705234020,"May 29, 2022 00:06",Placed on hold,"",Spokane Public Library
https://img1.od-cdn.com/ImageType-100/0293-1/{C9609AA3-26B1-4478-BAF8-62097449A1C0}Img100.jpg,Red Queen,Victoria Aveyard,HarperTeen,9780062346513,"May 29, 2022 00:06",Placed on hold,"",Spokane Public Library
https://img1.od-cdn.com/ImageType-100/4575-1/{379A72A9-5F2D-4E2C-B26A-C03CF2F1BFD4}IMG100.JPG,The Last Wish,Andrzej Sapkowski,Hachette Audio,9781478904717,"May 29, 2022 00:05",Borrowed, 21 days ,Spokane Public Library
https://img1.od-cdn.com/ImageType-100/0887-1/{71C633FA-6064-46CD-ACC2-93B6A7C1547D}Img100.jpg,Midnight Sun,Stephenie Meyer,Hachette Audio,9781549134661,"May 29, 2022 00:03",Placed on hold,"",Spokane Public Library
https://img1.od-cdn.com/ImageType-100/0293-1/{E4FA8E66-895A-4359-AEEF-9FCC3126E3A3}Img100.jpg,Daughter of the Moon Goddess,Sue Lynn Tan,HarperAudio,9780063031340,"May 28, 2022 23:54",Placed on hold,"",Spokane Public Library
https://img1.od-cdn.com/ImageType-100/1493-1/{AE68A4DA-51F8-4BE3-B978-4F7E56D3A775}Img100.jpg,The Atlas Six,Olivie Blake,Macmillan Audio,9781250860460,"May 28, 2022 23:53",Placed on hold,"",Spokane Public Library
https://img1.od-cdn.com/ImageType-100/1191-1/{2781587F-F7CE-450C-A915-FB2C6FE8E1A1}Img100.jpg,Book Lovers,Emily Henry,Books on Tape,9780593553770,"May 28, 2022 23:51",Placed on hold,"",Spokane Public Library
https://img1.od-cdn.com/ImageType-100/1694-1/{097FFE1F-36F3-493A-A09B-791728F2EADD}IMG100.JPG,A Court of Frost and Starlight,Sarah J. Maas,"Recorded Books, Inc.",9781501994661,"May 28, 2022 23:50",Placed on hold,"",Spokane Public Library
https://img1.od-cdn.com/ImageType-100/1694-1/{B60F1851-E37F-4261-AD84-74718466872B}IMG100.JPG,"To Sir Phillip, with Love",Julia Quinn,"Recorded Books, Inc.",9781501965692,"",Hold expired,"",Spokane Public Library
https://img1.od-cdn.com/ImageType-100/1694-1/{2F96DDAA-D3DB-4583-87D0-813683227352}IMG100.JPG,It's in His Kiss,Julia Quinn,"Recorded Books, Inc.",9781980088011,"",Hold expired,"",Spokane Public Library
https://img1.od-cdn.com/ImageType-100/1694-1/{078F5C99-3ED9-4AE9-BDC2-B350643E31E2}IMG100.JPG,The Duke and I,Julia Quinn,"Recorded Books, Inc.",9781501938788,"",Hold expired,"",Spokane Public Library
https://img1.od-cdn.com/ImageType-100/1523-1/{34885D6E-CC4F-4C1D-8ED1-8B23D0807BC4}Img100.jpg,The Final Girl Support Group,Grady Hendrix,Penguin Publishing Group,9780593201251,"",Hold expired,"",Spokane Public Library
https://img1.od-cdn.com/ImageType-100/0017-1/{673F89F4-F721-4DD4-A8B3-73423AA1395D}IMG100.JPG,The Final Gambit,Jennifer Lynn Barnes,"Little, Brown Books for Young Readers",9780316371124,"",Hold expired,"",Spokane Public Library
https://img1.od-cdn.com/ImageType-100/0293-1/{B22167A6-D097-49EA-A49E-E6A71DBBAF1C}IMG100.JPG,Suicide Notes,Michael Thomas Ford,HarperCollins,9780062043078,"",Hold expired,"",Spokane Public Library
